c000  20 40 c0   JSR 0xc040
c003  64 35      STZ 0x35
c005  64 36      STZ 0x36
c007  a9 00      LDA #0x0
c009  85 03      STA 0x3
c00b  a9 03      LDA #0x3
c00d  85 04      STA 0x4
c00f  20 8e c2   JSR 0xc28e
c012  1b         ???
c013  5b         ???
c014  32 4a      AND (0x1b4a)
c016  1b         ???
c017  5b         ???
c018  31 3b      AND (0x3b),Y
c01a  31 48      AND (0x48),Y
c01c  57         ???
c01d  65 6c      ADC 0x6c
c01f  63         ???
c020  6f         ???
c021  6d 65 20   ADC 0x2065
c024  74 6f      STZ 0x6f,X
c026  20 74 68   JSR 0x6874
c029  65 20      ADC 0x20
c02b  38         SEC
c02c  30 73      BMI 0xc0a1
c02e  2e 2e 2e   ROL 0x2e2e
c031  0a         ASL A
c032  0d 00 20   ORA 0x2000
c035  7c c2 20   JMP (0x20c2,X)
c038  d7         ???
c039  c2 20      REP 
c03b  8c c0 4c   STY 0x4cc0
c03e  34 c0      BIT 0xc0
c040  20 e6 c1   JSR 0xc1e6
c043  20 f6 c1   JSR 0xc1f6
c046  a9 00      LDA #0x0
c048  85 02      STA 0x2
c04a  8d c0 fe   STA 0xfec0
c04d  a9 01      LDA #0x1
c04f  85 16      STA 0x16
c051  60         RTS
c052  b1 03      LDA (0x3),Y
c054  20 77 c4   JSR 0xc477
c057  90 03      BCC 0xc05c
c059  c8         INY
c05a  d0 f6      BNE 0xc052
c05c  60         RTS
c05d  a2 00      LDX #0x0
c05f  b1 03      LDA (0x3),Y
c061  f0 0c      BEQ 0xc06f
c063  20 77 c4   JSR 0xc477
c066  b0 07      BCS 0xc06f
c068  9d 00 04   STA 0x400,X
c06b  c8         INY
c06c  e8         INX
c06d  d0 f0      BNE 0xc05f
c06f  9e 00 04   STX 0x400,X
c072  60         RTS
c073  5a         PHY
c074  da         PHX
c075  a0 00      LDY #0x0
c077  bd 00 c9   LDA 0xc900,X
c07a  f0 09      BEQ 0xc085
c07c  d9 00 04   CMP 0x400,Y
c07f  d0 04      BNE 0xc085
c081  e8         INX
c082  c8         INY
c083  d0 f2      BNE 0xc077
c085  38         SEC
c086  f9 00 04   SBC 0x400,Y
c089  fa         PLX
c08a  7a         PLY
c08b  60         RTS
c08c  a0 00      LDY #0x0
c08e  20 52 c0   JSR 0xc052
c091  b1 03      LDA (0x3),Y
c093  f0 49      BEQ 0xc0de
c095  20 5d c0   JSR 0xc05d
c098  a2 00      LDX #0x0
c09a  bd 00 c9   LDA 0xc900,X
c09d  f0 14      BEQ 0xc0b3
c09f  48         PHA
c0a0  e8         INX
c0a1  20 73 c0   JSR 0xc073
c0a4  c9 00      CMP #0x0
c0a6  f0 21      BEQ 0xc0c9
c0a8  86 0b      STX 0xb
c0aa  68         PLA
c0ab  18         CLC
c0ac  65 0b      ADC 0xb
c0ae  69 02      ADC #0x2
c0b0  aa         TAX
c0b1  d0 e7      BNE 0xc09a
c0b3  20 8e c2   JSR 0xc28e
c0b6  55 6e      EOR 0x6e,X
c0b8  6b         ???
c0b9  6e 6f 77   ROR 0x776f
c0bc  6e 20 63   ROR 0x6320
c0bf  6f         ???
c0c0  6d 6d 61   ADC 0x616d
c0c3  6e 64 0d   ROR 0xd64
c0c6  0a         ASL A
c0c7  00         BRK
c0c8  60         RTS
c0c9  86 0b      STX 0xb
c0cb  68         PLA
c0cc  18         CLC
c0cd  65 0b      ADC 0xb
c0cf  aa         TAX
c0d0  bd 00 c9   LDA 0xc900,X
c0d3  85 00      STA 0x0
c0d5  e8         INX
c0d6  bd 00 c9   LDA 0xc900,X
c0d9  85 01      STA 0x1
c0db  6c 00 00   JMP (0x0)
c0de  60         RTS
c0df  20 52 c0   JSR 0xc052
c0e2  b1 03      LDA (0x3),Y
c0e4  f0 22      BEQ 0xc108
c0e6  20 28 c1   JSR 0xc128
c0e9  a5 23      LDA 0x23
c0eb  48         PHA
c0ec  a5 24      LDA 0x24
c0ee  48         PHA
c0ef  20 52 c0   JSR 0xc052
c0f2  b1 03      LDA (0x3),Y
c0f4  d0 0a      BNE 0xc100
c0f6  a9 40      LDA #0x40
c0f8  85 23      STA 0x23
c0fa  a9 00      LDA #0x0
c0fc  85 24      STA 0x24
c0fe  f0 03      BEQ 0xc103
c100  20 28 c1   JSR 0xc128
c103  7a         PLY
c104  fa         PLX
c105  4c aa c3   JMP 0xc3aa
c108  20 8e c2   JSR 0xc28e
c10b  75 73      ADC 0x73,X
c10d  61 67      ADC (0x67,X)
c10f  65 3a      ADC 0x3a
c111  20 64 75   JSR 0x7564
c114  6d 70 20   ADC 0x2070
c117  61 64      ADC (0x64,X)
c119  64 72      STZ 0x72
c11b  20 5b 6c   JSR 0x6c5b
c11e  65 6e      ADC 0x6e
c120  67         ???
c121  74 68      STZ 0x68,X
c123  5d 0d 0a   EOR 0xa0d,X
c126  00         BRK
c127  60         RTS
c128  a9 00      LDA #0x0
c12a  85 23      STA 0x23
c12c  85 24      STA 0x24
c12e  b1 03      LDA (0x3),Y
c130  c8         INY
c131  20 3a c4   JSR 0xc43a
c134  b0 07      BCS 0xc13d
c136  20 88 c4   JSR 0xc488
c139  b0 07      BCS 0xc142
c13b  88         DEY
c13c  60         RTS
c13d  e9 30      SBC #0x30
c13f  4c 48 c1   JMP 0xc148
c142  20 5f c4   JSR 0xc45f
c145  38         SEC
c146  e9 37      SBC #0x37
c148  a2 04      LDX #0x4
c14a  06 23      ASL 0x23
c14c  26 24      ROL 0x24
c14e  ca         DEX
c14f  d0 f9      BNE 0xc14a
c151  05 23      ORA 0x23
c153  85 23      STA 0x23
c155  4c 2e c1   JMP 0xc12e
c158  20 8e c2   JSR 0xc28e
c15b  52 6f      EOR (0x626f)
c15d  62 6f      PER 
c15f  64 61      STZ 0x61
c161  76 65      ROR 0x65,X
c163  0d 0a 00   ORA 0xa
c166  60         RTS
c167  20 9f c4   JSR 0xc49f
c16a  60         RTS
c16b  20 d5 c4   JSR 0xc4d5
c16e  60         RTS
c16f  20 52 c0   JSR 0xc052
c172  b1 03      LDA (0x3),Y
c174  f0 07      BEQ 0xc17d
c176  20 5d c0   JSR 0xc05d
c179  20 0a c5   JSR 0xc50a
c17c  60         RTS
c17d  20 8e c2   JSR 0xc28e
c180  75 73      ADC 0x73,X
c182  61 67      ADC (0x67,X)
c184  65 3a      ADC 0x3a
c186  20 63 61   JSR 0x6163
c189  74 20      STZ 0x20,X
c18b  3c 66 69   BIT 0x6966,X
c18e  6c 65 6e   JMP (0x6e65)
c191  61 6d      ADC (0x6d,X)
c193  65 3e      ADC 0x3e
c195  0d 0a 00   ORA 0xa
c198  60         RTS
c199  20 52 c0   JSR 0xc052
c19c  b1 03      LDA (0x3),Y
c19e  f0 07      BEQ 0xc1a7
c1a0  20 5d c0   JSR 0xc05d
c1a3  20 46 c5   JSR 0xc546
c1a6  60         RTS
c1a7  20 8e c2   JSR 0xc28e
c1aa  75 73      ADC 0x73,X
c1ac  61 67      ADC (0x67,X)
c1ae  65 3a      ADC 0x3a
c1b0  20 6c 6f   JSR 0x6f6c
c1b3  61 64      ADC (0x64,X)
c1b5  20 3c 66   JSR 0x663c
c1b8  69 6c      ADC #0x6c
c1ba  65 6e      ADC 0x6e
c1bc  61 6d      ADC (0x6d,X)
c1be  65 3e      ADC 0x3e
c1c0  0d 0a 00   ORA 0xa
c1c3  60         RTS
c1c4  a5 35      LDA 0x35
c1c6  05 36      ORA 0x36
c1c8  d0 15      BNE 0xc1df
c1ca  20 8e c2   JSR 0xc28e
c1cd  4e 6f 20   LSR 0x206f
c1d0  6b         ???
c1d1  65 72      ADC 0x72
c1d3  6e 65 6c   ROR 0x6c65
c1d6  20 6c 6f   JSR 0x6f6c
c1d9  61 64      ADC (0x64,X)
c1db  65 64      ADC 0x64
c1dd  00         BRK
c1de  60         RTS
c1df  6c 35 00   JMP (0x35)
c1e2  20 83 c5   JSR 0xc583
c1e5  60         RTS
c1e6  a9 03      LDA #0x3
c1e8  8d 00 fe   STA 0xfe00
c1eb  a0 80      LDY #0x80
c1ed  88         DEY
c1ee  d0 fd      BNE 0xc1ed
c1f0  a9 11      LDA #0x11
c1f2  8d 00 fe   STA 0xfe00
c1f5  60         RTS
c1f6  a9 03      LDA #0x3
c1f8  8d 40 fe   STA 0xfe40
c1fb  a0 80      LDY #0x80
c1fd  88         DEY
c1fe  d0 fd      BNE 0xc1fd
c200  a9 91      LDA #0x91
c202  8d 40 fe   STA 0xfe40
c205  64 25      STZ 0x25
c207  64 26      STZ 0x26
c209  64 27      STZ 0x27
c20b  60         RTS
c20c  a2 40      LDX #0x40
c20e  48         PHA
c20f  bd 00 fe   LDA 0xfe00,X
c212  29 02      AND #0x2
c214  f0 f9      BEQ 0xc20f
c216  68         PLA
c217  9d 01 fe   STA 0xfe01,X
c21a  60         RTS
c21b  84 0b      STY 0xb
c21d  a0 00      LDY #0x0
c21f  c4 0b      CPY 0xb
c221  f0 13      BEQ 0xc236
c223  bd 00 fe   LDA 0xfe00,X
c226  29 01      AND #0x1
c228  f0 f9      BEQ 0xc223
c22a  bd 01 fe   LDA 0xfe01,X
c22d  91 00      STA (0x0),Y
c22f  c8         INY
c230  20 83 c3   JSR 0xc383
c233  4c 1f c2   JMP 0xc21f
c236  60         RTS
c237  a2 00      LDX #0x0
c239  f0 e0      BEQ 0xc21b
c23b  a2 40      LDX #0x40
c23d  d0 dc      BNE 0xc21b
c23f  a2 00      LDX #0x0
c241  f0 02      BEQ 0xc245
c243  a2 40      LDX #0x40
c245  84 0b      STY 0xb
c247  a0 00      LDY #0x0
c249  c4 0b      CPY 0xb
c24b  f0 09      BEQ 0xc256
c24d  b1 00      LDA (0x0),Y
c24f  20 0e c2   JSR 0xc20e
c252  c8         INY
c253  4c 49 c2   JMP 0xc249
c256  60         RTS
c257  a2 00      LDX #0x0
c259  f0 02      BEQ 0xc25d
c25b  a2 40      LDX #0x40
c25d  18         CLC
c25e  69 01      ADC #0x1
c260  3d 00 fe   AND 0xfe00,X
c263  60         RTS
c264  e6 c1      INC 0xc1
c266  00         BRK
c267  00         BRK
c268  37         ???
c269  c2 3f      REP 
c26b  c2 00      REP 
c26d  00         BRK
c26e  57         ???
c26f  c2 f6      REP 
c271  c1 00      CMP (0x0,X)
c273  00         BRK
c274  3b         ???
c275  c2 43      REP 
c277  c2 00      REP 
c279  00         BRK
c27a  5b         ???
c27b  c2 20      REP 
c27d  8e c2 31   STX 0x31c2
c280  39 38 31   AND 0x3138,Y
c283  3e 20 00   ROL 0x20,X
c286  60         RTS
c287  20 8e c2   JSR 0xc28e
c28a  0d 0a 00   ORA 0xa
c28d  60         RTS
c28e  ba         TSX
c28f  bd 01 01   LDA 0x101,X
c292  85 00      STA 0x0
c294  bd 02 01   LDA 0x102,X
c297  85 01      STA 0x1
c299  e6 00      INC 0x0
c29b  d0 02      BNE 0xc29f
c29d  e6 01      INC 0x1
c29f  5a         PHY
c2a0  20 b3 c2   JSR 0xc2b3
c2a3  18         CLC
c2a4  98         TYA
c2a5  7a         PLY
c2a6  65 00      ADC 0x0
c2a8  9d 01 01   STA 0x101,X
c2ab  a9 00      LDA #0x0
c2ad  65 01      ADC 0x1
c2af  9d 02 01   STA 0x102,X
c2b2  60         RTS
c2b3  a0 ff      LDY #0xff
c2b5  c8         INY
c2b6  b1 00      LDA (0x0),Y
c2b8  f0 06      BEQ 0xc2c0
c2ba  20 c1 c2   JSR 0xc2c1
c2bd  4c b5 c2   JMP 0xc2b5
c2c0  60         RTS
c2c1  da         PHX
c2c2  a2 00      LDX #0x0
c2c4  20 0e c2   JSR 0xc20e
c2c7  fa         PLX
c2c8  60         RTS
c2c9  ad 00 fe   LDA 0xfe00
c2cc  29 01      AND #0x1
c2ce  f0 f9      BEQ 0xc2c9
c2d0  ad 01 fe   LDA 0xfe01
c2d3  8d 01 fe   STA 0xfe01
c2d6  60         RTS
c2d7  a0 00      LDY #0x0
c2d9  20 c9 c2   JSR 0xc2c9
c2dc  c9 08      CMP #0x8
c2de  f0 04      BEQ 0xc2e4
c2e0  c9 7f      CMP #0x7f
c2e2  d0 11      BNE 0xc2f5
c2e4  c0 00      CPY #0x0
c2e6  f0 f1      BEQ 0xc2d9
c2e8  5a         PHY
c2e9  20 8e c2   JSR 0xc28e
c2ec  08         PHP
c2ed  20 08 00   JSR 0x8
c2f0  7a         PLY
c2f1  88         DEY
c2f2  4c d9 c2   JMP 0xc2d9
c2f5  91 03      STA (0x3),Y
c2f7  c8         INY
c2f8  c9 0d      CMP #0xd
c2fa  d0 dd      BNE 0xc2d9
c2fc  88         DEY
c2fd  a9 00      LDA #0x0
c2ff  91 03      STA (0x3),Y
c301  a9 0a      LDA #0xa
c303  20 c1 c2   JSR 0xc2c1
c306  60         RTS
c307  da         PHX
c308  f8         SED
c309  64 2a      STZ 0x2a
c30b  64 2b      STZ 0x2b
c30d  64 2c      STZ 0x2c
c30f  a2 10      LDX #0x10
c311  06 2d      ASL 0x2d
c313  26 2e      ROL 0x2e
c315  a5 2a      LDA 0x2a
c317  65 2a      ADC 0x2a
c319  85 2a      STA 0x2a
c31b  a5 2b      LDA 0x2b
c31d  65 2b      ADC 0x2b
c31f  85 2b      STA 0x2b
c321  a5 2c      LDA 0x2c
c323  65 2c      ADC 0x2c
c325  85 2c      STA 0x2c
c327  ca         DEX
c328  d0 e7      BNE 0xc311
c32a  d8         CLD
c32b  fa         PLX
c32c  60         RTS
c32d  5a         PHY
c32e  da         PHX
c32f  5a         PHY
c330  0a         ASL A
c331  aa         TAX
c332  bd 71 c3   LDA 0xc371,X
c335  85 05      STA 0x5
c337  e8         INX
c338  bd 71 c3   LDA 0xc371,X
c33b  85 06      STA 0x6
c33d  a0 06      LDY #0x6
c33f  b1 05      LDA (0x5),Y
c341  85 07      STA 0x7
c343  c8         INY
c344  b1 05      LDA (0x5),Y
c346  85 08      STA 0x8
c348  7a         PLY
c349  20 4f c3   JSR 0xc34f
c34c  fa         PLX
c34d  7a         PLY
c34e  60         RTS
c34f  6c 07 00   JMP (0x7)
c352  5a         PHY
c353  da         PHX
c354  5a         PHY
c355  0a         ASL A
c356  aa         TAX
c357  bd 71 c3   LDA 0xc371,X
c35a  85 05      STA 0x5
c35c  e8         INX
c35d  bd 71 c3   LDA 0xc371,X
c360  85 06      STA 0x6
c362  a0 04      LDY #0x4
c364  b1 05      LDA (0x5),Y
c366  85 07      STA 0x7
c368  c8         INY
c369  b1 05      LDA (0x5),Y
c36b  85 08      STA 0x8
c36d  7a         PLY
c36e  4c 49 c3   JMP 0xc349
c371  64 c2      STZ 0xc2
c373  70 c2      BVS 0xc337
c375  da         PHX
c376  5a         PHY
c377  da         PHX
c378  98         TYA
c379  20 83 c3   JSR 0xc383
c37c  68         PLA
c37d  20 83 c3   JSR 0xc383
c380  7a         PLY
c381  fa         PLX
c382  60         RTS
c383  08         PHP
c384  48         PHA
c385  5a         PHY
c386  da         PHX
c387  a0 02      LDY #0x2
c389  aa         TAX
c38a  4a         LSR A
c38b  4a         LSR A
c38c  4a         LSR A
c38d  4a         LSR A
c38e  c9 0a      CMP #0xa
c390  90 04      BCC 0xc396
c392  69 56      ADC #0x56
c394  90 03      BCC 0xc399
c396  18         CLC
c397  69 30      ADC #0x30
c399  20 c1 c2   JSR 0xc2c1
c39c  88         DEY
c39d  f0 06      BEQ 0xc3a5
c39f  8a         TXA
c3a0  29 0f      AND #0xf
c3a2  4c 8e c3   JMP 0xc38e
c3a5  fa         PLX
c3a6  7a         PLY
c3a7  68         PLA
c3a8  28         PLP
c3a9  60         RTS
c3aa  86 19      STX 0x19
c3ac  84 1a      STY 0x1a
c3ae  18         CLC
c3af  a5 23      LDA 0x23
c3b1  65 19      ADC 0x19
c3b3  85 21      STA 0x21
c3b5  a5 24      LDA 0x24
c3b7  65 1a      ADC 0x1a
c3b9  85 22      STA 0x22
c3bb  a5 1a      LDA 0x1a
c3bd  c5 22      CMP 0x22
c3bf  90 08      BCC 0xc3c9
c3c1  d0 5f      BNE 0xc422
c3c3  a5 19      LDA 0x19
c3c5  c5 21      CMP 0x21
c3c7  b0 59      BCS 0xc422
c3c9  a6 19      LDX 0x19
c3cb  a4 1a      LDY 0x1a
c3cd  20 75 c3   JSR 0xc375
c3d0  20 23 c4   JSR 0xc423
c3d3  20 23 c4   JSR 0xc423
c3d6  a0 00      LDY #0x0
c3d8  b1 19      LDA (0x19),Y
c3da  20 83 c3   JSR 0xc383
c3dd  20 23 c4   JSR 0xc423
c3e0  c8         INY
c3e1  c0 08      CPY #0x8
c3e3  d0 03      BNE 0xc3e8
c3e5  20 23 c4   JSR 0xc423
c3e8  c0 10      CPY #0x10
c3ea  90 ec      BCC 0xc3d8
c3ec  20 23 c4   JSR 0xc423
c3ef  20 23 c4   JSR 0xc423
c3f2  a0 00      LDY #0x0
c3f4  b1 19      LDA (0x19),Y
c3f6  c9 20      CMP #0x20
c3f8  90 04      BCC 0xc3fe
c3fa  c9 7f      CMP #0x7f
c3fc  90 02      BCC 0xc400
c3fe  a9 2e      LDA #0x2e
c400  20 c1 c2   JSR 0xc2c1
c403  c8         INY
c404  c0 08      CPY #0x8
c406  d0 03      BNE 0xc40b
c408  20 23 c4   JSR 0xc423
c40b  c0 10      CPY #0x10
c40d  90 e5      BCC 0xc3f4
c40f  20 87 c2   JSR 0xc287
c412  a9 10      LDA #0x10
c414  18         CLC
c415  65 19      ADC 0x19
c417  85 19      STA 0x19
c419  a9 00      LDA #0x0
c41b  65 1a      ADC 0x1a
c41d  85 1a      STA 0x1a
c41f  4c bb c3   JMP 0xc3bb
c422  60         RTS
c423  a9 20      LDA #0x20
c425  4c c1 c2   JMP 0xc2c1
c428  05 02      ORA 0x2
c42a  85 02      STA 0x2
c42c  8d c0 fe   STA 0xfec0
c42f  60         RTS
c430  49 ff      EOR #0xff
c432  25 02      AND 0x2
c434  85 02      STA 0x2
c436  8d c0 fe   STA 0xfec0
c439  60         RTS
c43a  c9 30      CMP #0x30
c43c  90 04      BCC 0xc442
c43e  c9 3a      CMP #0x3a
c440  90 02      BCC 0xc444
c442  18         CLC
c443  60         RTS
c444  38         SEC
c445  60         RTS
c446  20 55 c4   JSR 0xc455
c449  b0 fa      BCS 0xc445
c44b  c9 61      CMP #0x61
c44d  90 f3      BCC 0xc442
c44f  c9 7b      CMP #0x7b
c451  90 f1      BCC 0xc444
c453  38         SEC
c454  60         RTS
c455  c9 41      CMP #0x41
c457  90 e9      BCC 0xc442
c459  c9 5b      CMP #0x5b
c45b  90 e7      BCC 0xc444
c45d  38         SEC
c45e  60         RTS
c45f  20 4b c4   JSR 0xc44b
c462  90 de      BCC 0xc442
c464  e9 20      SBC #0x20
c466  60         RTS
c467  20 55 c4   JSR 0xc455
c46a  90 d9      BCC 0xc445
c46c  69 1f      ADC #0x1f
c46e  60         RTS
c46f  20 3a c4   JSR 0xc43a
c472  b0 d1      BCS 0xc445
c474  4c 46 c4   JMP 0xc446
c477  c9 20      CMP #0x20
c479  f0 c9      BEQ 0xc444
c47b  c9 09      CMP #0x9
c47d  f0 c5      BEQ 0xc444
c47f  c9 0a      CMP #0xa
c481  f0 c1      BEQ 0xc444
c483  c9 0d      CMP #0xd
c485  d0 bb      BNE 0xc442
c487  60         RTS
c488  20 3a c4   JSR 0xc43a
c48b  b0 b8      BCS 0xc445
c48d  c9 41      CMP #0x41
c48f  90 b1      BCC 0xc442
c491  c9 47      CMP #0x47
c493  90 af      BCC 0xc444
c495  c9 61      CMP #0x61
c497  90 a9      BCC 0xc442
c499  c9 67      CMP #0x67
c49b  90 a7      BCC 0xc444
c49d  18         CLC
c49e  60         RTS
c49f  20 da c6   JSR 0xc6da
c4a2  20 18 c6   JSR 0xc618
c4a5  20 b0 c6   JSR 0xc6b0
c4a8  b0 18      BCS 0xc4c2
c4aa  20 8e c2   JSR 0xc28e
c4ad  42 61      WDM 
c4af  64 20      STZ 0x20
c4b1  70 69      BVS 0xc51c
c4b3  6e 67 20   ROR 0x2067
c4b6  72 65      ADC (0x7365)
c4b8  73         ???
c4b9  70 6f      BVS 0xc52a
c4bb  6e 73 65   ROR 0x6573
c4be  0d 0a 00   ORA 0xa
c4c1  60         RTS
c4c2  20 8e c2   JSR 0xc28e
c4c5  70 6f      BVS 0xc536
c4c7  6e 67 0d   ROR 0xd67
c4ca  0a         ASL A
c4cb  00         BRK
c4cc  a9 01      LDA #0x1
c4ce  20 69 c6   JSR 0xc669
c4d1  20 18 c6   JSR 0xc618
c4d4  60         RTS
c4d5  20 15 c7   JSR 0xc715
c4d8  20 18 c6   JSR 0xc618
c4db  20 b0 c6   JSR 0xc6b0
c4de  90 0f      BCC 0xc4ef
c4e0  a9 03      LDA #0x3
c4e2  20 69 c6   JSR 0xc669
c4e5  20 18 c6   JSR 0xc618
c4e8  20 3e c7   JSR 0xc73e
c4eb  20 51 c7   JSR 0xc751
c4ee  60         RTS
c4ef  20 8e c2   JSR 0xc28e
c4f2  46 61      LSR 0x61
c4f4  69 6c      ADC #0x6c
c4f6  65 64      ADC 0x64
c4f8  20 74 6f   JSR 0x6f74
c4fb  20 6c 69   JSR 0x696c
c4fe  73         ???
c4ff  74 20      STZ 0x20,X
c501  66 69      ROR 0x69
c503  6c 65 73   JMP (0x7365)
c506  0d 0a 00   ORA 0xa
c509  60         RTS
c50a  a9 00      LDA #0x0
c50c  20 db c7   JSR 0xc7db
c50f  20 18 c6   JSR 0xc618
c512  20 b0 c6   JSR 0xc6b0
c515  90 16      BCC 0xc52d
c517  a9 05      LDA #0x5
c519  20 69 c6   JSR 0xc669
c51c  20 18 c6   JSR 0xc618
c51f  20 0f c8   JSR 0xc80f
c522  a9 aa      LDA #0xaa
c524  85 31      STA 0x31
c526  a9 c8      LDA #0xc8
c528  85 32      STA 0x32
c52a  4c 41 c8   JMP 0xc841
c52d  20 8e c2   JSR 0xc28e
c530  46 61      LSR 0x61
c532  69 6c      ADC #0x6c
c534  65 64      ADC 0x64
c536  20 74 6f   JSR 0x6f74
c539  20 63 61   JSR 0x6163
c53c  74 20      STZ 0x20,X
c53e  66 69      ROR 0x69
c540  6c 65 0d   JMP (0xd65)
c543  0a         ASL A
c544  00         BRK
c545  60         RTS
c546  a9 01      LDA #0x1
c548  20 db c7   JSR 0xc7db
c54b  20 18 c6   JSR 0xc618
c54e  20 b0 c6   JSR 0xc6b0
c551  90 16      BCC 0xc569
c553  a9 05      LDA #0x5
c555  20 69 c6   JSR 0xc669
c558  20 18 c6   JSR 0xc618
c55b  20 0f c8   JSR 0xc80f
c55e  a9 c7      LDA #0xc7
c560  85 31      STA 0x31
c562  a9 c8      LDA #0xc8
c564  85 32      STA 0x32
c566  4c 41 c8   JMP 0xc841
c569  20 8e c2   JSR 0xc28e
c56c  46 61      LSR 0x61
c56e  69 6c      ADC #0x6c
c570  65 64      ADC 0x64
c572  20 74 6f   JSR 0x6f74
c575  20 6c 6f   JSR 0x6f6c
c578  61 64      ADC (0x64,X)
c57a  20 66 69   JSR 0x6966
c57d  6c 65 0d   JMP (0xd65)
c580  0a         ASL A
c581  00         BRK
c582  60         RTS
c583  a0 00      LDY #0x0
c585  b9 97 c5   LDA 0xc597,Y
c588  99 00 04   STA 0x400,Y
c58b  f0 04      BEQ 0xc591
c58d  c8         INY
c58e  4c 85 c5   JMP 0xc585
c591  20 46 c5   JSR 0xc546
c594  6c 35 00   JMP (0x35)
c597  6b         ???
c598  65 72      ADC 0x72
c59a  6e 65 6c   ROR 0x6c65
c59d  00         BRK
c59e  a2 08      LDX #0x8
c5a0  a1 0a      LDA (0xa,X)
c5a2  45 11      EOR 0x11
c5a4  06 10      ASL 0x10
c5a6  2a         ROL A
c5a7  90 0a      BCC 0xc5b3
c5a9  a8         TAY
c5aa  a5 10      LDA 0x10
c5ac  49 21      EOR #0x21
c5ae  85 10      STA 0x10
c5b0  98         TYA
c5b1  49 10      EOR #0x10
c5b3  ca         DEX
c5b4  d0 ee      BNE 0xc5a4
c5b6  85 11      STA 0x11
c5b8  e6 12      INC 0x12
c5ba  a5 14      LDA 0x14
c5bc  d0 02      BNE 0xc5c0
c5be  c6 15      DEC 0x15
c5c0  c6 14      DEC 0x14
c5c2  d0 da      BNE 0xc59e
c5c4  a5 15      LDA 0x15
c5c6  d0 d6      BNE 0xc59e
c5c8  60         RTS
c5c9  84 14      STY 0x14
c5cb  64 15      STZ 0x15
c5cd  64 10      STZ 0x10
c5cf  64 11      STZ 0x11
c5d1  c8         INY
c5d2  c8         INY
c5d3  8c 00 07   STY 0x700
c5d6  a9 03      LDA #0x3
c5d8  85 12      STA 0x12
c5da  a9 07      LDA #0x7
c5dc  85 13      STA 0x13
c5de  20 9e c5   JSR 0xc59e
c5e1  a5 10      LDA 0x10
c5e3  8d 01 07   STA 0x701
c5e6  a5 11      LDA 0x11
c5e8  8d 02 07   STA 0x702
c5eb  60         RTS
c5ec  ac 00 06   LDY 0x600
c5ef  88         DEY
c5f0  88         DEY
c5f1  5a         PHY
c5f2  84 14      STY 0x14
c5f4  64 15      STZ 0x15
c5f6  64 10      STZ 0x10
c5f8  64 11      STZ 0x11
c5fa  a9 03      LDA #0x3
c5fc  85 12      STA 0x12
c5fe  a9 06      LDA #0x6
c600  85 13      STA 0x13
c602  20 9e c5   JSR 0xc59e
c605  ad 01 06   LDA 0x601
c608  c5 10      CMP 0x10
c60a  d0 09      BNE 0xc615
c60c  ad 02 06   LDA 0x602
c60f  c5 11      CMP 0x11
c611  d0 02      BNE 0xc615
c613  7a         PLY
c614  60         RTS
c615  7a         PLY
c616  18         CLC
c617  60         RTS
c618  20 c9 c5   JSR 0xc5c9
c61b  a9 00      LDA #0x0
c61d  85 00      STA 0x0
c61f  a9 07      LDA #0x7
c621  85 01      STA 0x1
c623  a0 01      LDY #0x1
c625  a9 01      LDA #0x1
c627  20 2d c3   JSR 0xc32d
c62a  a0 01      LDY #0x1
c62c  20 82 c6   JSR 0xc682
c62f  20 89 c6   JSR 0xc689
c632  49 ff      EOR #0xff
c634  cd 00 07   CMP 0x700
c637  d0 0a      BNE 0xc643
c639  e6 00      INC 0x0
c63b  ac 00 07   LDY 0x700
c63e  a9 01      LDA #0x1
c640  4c 2d c3   JMP 0xc32d
c643  20 8e c2   JSR 0xc28e
c646  50 72      BVC 0xc6ba
c648  6f         ???
c649  74 6f      STZ 0x6f,X
c64b  63         ???
c64c  6f         ???
c64d  6c 20 65   JMP (0x6520)
c650  72 72      ADC (0x6f72)
c652  6f         ???
c653  72 3a      ADC (0x203a)
c655  20 69 6e   JSR 0x6e69
c658  76 61      ROR 0x61,X
c65a  6c 69 64   JMP (0x6469)
c65d  20 6c 65   JSR 0x656c
c660  6e 20 41   ROR 0x4120
c663  43         ???
c664  4b         ???
c665  0d 0a 00   ORA 0xa
c668  60         RTS
c669  8d 06 07   STA 0x706
c66c  ad 03 06   LDA 0x603
c66f  8d 04 07   STA 0x704
c672  a9 00      LDA #0x0
c674  8d 03 07   STA 0x703
c677  a9 01      LDA #0x1
c679  8d 05 07   STA 0x705
c67c  9c 07 07   STZ 0x707
c67f  a0 05      LDY #0x5
c681  60         RTS
c682  c4 27      CPY 0x27
c684  f0 02      BEQ 0xc688
c686  b0 fa      BCS 0xc682
c688  60         RTS
c689  da         PHX
c68a  a6 25      LDX 0x25
c68c  bd 00 05   LDA 0x500,X
c68f  e6 25      INC 0x25
c691  c6 27      DEC 0x27
c693  fa         PLX
c694  60         RTS
c695  84 0b      STY 0xb
c697  da         PHX
c698  5a         PHY
c699  a6 25      LDX 0x25
c69b  a0 01      LDY #0x1
c69d  bd 00 05   LDA 0x500,X
c6a0  99 00 06   STA 0x600,Y
c6a3  e8         INX
c6a4  c8         INY
c6a5  c6 27      DEC 0x27
c6a7  c6 0b      DEC 0xb
c6a9  d0 f2      BNE 0xc69d
c6ab  86 25      STX 0x25
c6ad  7a         PLY
c6ae  fa         PLX
c6af  60         RTS
c6b0  a0 01      LDY #0x1
c6b2  20 82 c6   JSR 0xc682
c6b5  20 89 c6   JSR 0xc689
c6b8  8d 00 06   STA 0x600
c6bb  48         PHA
c6bc  49 ff      EOR #0xff
c6be  8d 00 07   STA 0x700
c6c1  a9 00      LDA #0x0
c6c3  85 00      STA 0x0
c6c5  a9 07      LDA #0x7
c6c7  85 01      STA 0x1
c6c9  a0 01      LDY #0x1
c6cb  a9 01      LDA #0x1
c6cd  20 2d c3   JSR 0xc32d
c6d0  7a         PLY
c6d1  20 82 c6   JSR 0xc682
c6d4  20 95 c6   JSR 0xc695
c6d7  4c ec c5   JMP 0xc5ec
c6da  a9 01      LDA #0x1
c6dc  8d 03 07   STA 0x703
c6df  a9 00      LDA #0x0
c6e1  8d 04 07   STA 0x704
c6e4  8d 05 07   STA 0x705
c6e7  a0 06      LDY #0x6
c6e9  a9 01      LDA #0x1
c6eb  99 00 07   STA 0x700,Y
c6ee  c8         INY
c6ef  a9 05      LDA #0x5
c6f1  99 00 07   STA 0x700,Y
c6f4  c8         INY
c6f5  a9 13      LDA #0x13
c6f7  99 00 07   STA 0x700,Y
c6fa  c8         INY
c6fb  a9 69      LDA #0x69
c6fd  99 00 07   STA 0x700,Y
c700  c8         INY
c701  a9 6e      LDA #0x6e
c703  99 00 07   STA 0x700,Y
c706  c8         INY
c707  a9 67      LDA #0x67
c709  99 00 07   STA 0x700,Y
c70c  c8         INY
c70d  a9 00      LDA #0x0
c70f  99 00 07   STA 0x700,Y
c712  a0 0a      LDY #0xa
c714  60         RTS
c715  a9 01      LDA #0x1
c717  8d 03 07   STA 0x703
c71a  a9 00      LDA #0x0
c71c  8d 04 07   STA 0x704
c71f  8d 05 07   STA 0x705
c722  a0 06      LDY #0x6
c724  a9 02      LDA #0x2
c726  99 00 07   STA 0x700,Y
c729  c8         INY
c72a  a9 02      LDA #0x2
c72c  99 00 07   STA 0x700,Y
c72f  c8         INY
c730  a9 2e      LDA #0x2e
c732  99 00 07   STA 0x700,Y
c735  c8         INY
c736  a9 00      LDA #0x0
c738  99 00 07   STA 0x700,Y
c73b  a0 07      LDY #0x7
c73d  60         RTS
c73e  ad 06 06   LDA 0x606
c741  c9 03      CMP #0x3
c743  d0 07      BNE 0xc74c
c745  ae 08 06   LDX 0x608
c748  ac 09 06   LDY 0x609
c74b  60         RTS
c74c  a2 00      LDX #0x0
c74e  a0 00      LDY #0x0
c750  60         RTS
c751  86 17      STX 0x17
c753  84 18      STY 0x18
c755  8a         TXA
c756  05 18      ORA 0x18
c758  f0 72      BEQ 0xc7cc
c75a  20 b0 c6   JSR 0xc6b0
c75d  90 52      BCC 0xc7b1
c75f  ad 06 06   LDA 0x606
c762  c9 04      CMP #0x4
c764  d0 4b      BNE 0xc7b1
c766  ad 0a 06   LDA 0x60a
c769  c9 00      CMP #0x0
c76b  f0 04      BEQ 0xc771
c76d  a9 46      LDA #0x46
c76f  d0 02      BNE 0xc773
c771  a9 44      LDA #0x44
c773  20 c1 c2   JSR 0xc2c1
c776  a9 20      LDA #0x20
c778  20 c1 c2   JSR 0xc2c1
c77b  ae 08 06   LDX 0x608
c77e  ac 09 06   LDY 0x609
c781  20 75 c3   JSR 0xc375
c784  a9 20      LDA #0x20
c786  20 c1 c2   JSR 0xc2c1
c789  a0 0b      LDY #0xb
c78b  b9 00 06   LDA 0x600,Y
c78e  f0 07      BEQ 0xc797
c790  20 c1 c2   JSR 0xc2c1
c793  c8         INY
c794  4c 8b c7   JMP 0xc78b
c797  20 87 c2   JSR 0xc287
c79a  a9 04      LDA #0x4
c79c  20 69 c6   JSR 0xc669
c79f  20 18 c6   JSR 0xc618
c7a2  a5 17      LDA 0x17
c7a4  d0 02      BNE 0xc7a8
c7a6  c6 18      DEC 0x18
c7a8  c6 17      DEC 0x17
c7aa  a5 17      LDA 0x17
c7ac  05 18      ORA 0x18
c7ae  d0 aa      BNE 0xc75a
c7b0  60         RTS
c7b1  20 8e c2   JSR 0xc28e
c7b4  42 61      WDM 
c7b6  64 20      STZ 0x20
c7b8  64 69      STZ 0x69
c7ba  72 20      ADC (0x6520)
c7bc  65 6e      ADC 0x6e
c7be  74 72      STZ 0x72,X
c7c0  79 20 72   ADC 0x7220,Y
c7c3  65 73      ADC 0x73
c7c5  75 6c      ADC 0x6c,X
c7c7  74 0d      STZ 0xd,X
c7c9  0a         ASL A
c7ca  00         BRK
c7cb  60         RTS
c7cc  20 8e c2   JSR 0xc28e
c7cf  4e 6f 20   LSR 0x206f
c7d2  66 69      ROR 0x69
c7d4  6c 65 73   JMP (0x7365)
c7d7  0d 0a 00   ORA 0xa
c7da  60         RTS
c7db  48         PHA
c7dc  a9 01      LDA #0x1
c7de  8d 03 07   STA 0x703
c7e1  a9 00      LDA #0x0
c7e3  8d 04 07   STA 0x704
c7e6  8d 05 07   STA 0x705
c7e9  a2 06      LDX #0x6
c7eb  a9 05      LDA #0x5
c7ed  9d 00 07   STA 0x700,X
c7f0  e8         INX
c7f1  68         PLA
c7f2  e8         INX
c7f3  9d 00 07   STA 0x700,X
c7f6  e8         INX
c7f7  a0 00      LDY #0x0
c7f9  b9 00 04   LDA 0x400,Y
c7fc  9d 00 07   STA 0x700,X
c7ff  f0 04      BEQ 0xc805
c801  c8         INY
c802  e8         INX
c803  d0 f4      BNE 0xc7f9
c805  c8         INY
c806  8c 07 07   STY 0x707
c809  98         TYA
c80a  18         CLC
c80b  69 06      ADC #0x6
c80d  a8         TAY
c80e  60         RTS
c80f  ad 06 06   LDA 0x606
c812  c9 06      CMP #0x6
c814  d0 11      BNE 0xc827
c816  ae 08 06   LDX 0x608
c819  ac 09 06   LDY 0x609
c81c  ad 0a 06   LDA 0x60a
c81f  85 35      STA 0x35
c821  ad 0b 06   LDA 0x60b
c824  85 36      STA 0x36
c826  60         RTS
c827  20 8e c2   JSR 0xc28e
c82a  42 61      WDM 
c82c  64 20      STZ 0x20
c82e  6c 6f 61   JMP (0x616f)
c831  64 20      STZ 0x20
c833  72 65      ADC (0x7365)
c835  73         ???
c836  75 6c      ADC 0x6c,X
c838  74 0d      STZ 0xd,X
c83a  0a         ASL A
c83b  00         BRK
c83c  a2 00      LDX #0x0
c83e  a0 00      LDY #0x0
c840  60         RTS
c841  86 2f      STX 0x2f
c843  84 30      STY 0x30
c845  8a         TXA
c846  25 30      AND 0x30
c848  c9 ff      CMP #0xff
c84a  d0 0e      BNE 0xc85a
c84c  a9 0a      LDA #0xa
c84e  85 00      STA 0x0
c850  a9 06      LDA #0x6
c852  85 01      STA 0x1
c854  20 b3 c2   JSR 0xc2b3
c857  4c 87 c2   JMP 0xc287
c85a  a5 2f      LDA 0x2f
c85c  05 30      ORA 0x30
c85e  f0 49      BEQ 0xc8a9
c860  20 b0 c6   JSR 0xc6b0
c863  90 2c      BCC 0xc891
c865  ad 06 06   LDA 0x606
c868  c9 07      CMP #0x7
c86a  d0 25      BNE 0xc891
c86c  ce 07 06   DEC 0x607
c86f  ce 07 06   DEC 0x607
c872  a5 2f      LDA 0x2f
c874  38         SEC
c875  ed 07 06   SBC 0x607
c878  85 2f      STA 0x2f
c87a  a5 30      LDA 0x30
c87c  e9 00      SBC #0x0
c87e  85 30      STA 0x30
c880  20 8e c8   JSR 0xc88e
c883  a9 07      LDA #0x7
c885  20 69 c6   JSR 0xc669
c888  20 18 c6   JSR 0xc618
c88b  4c 5a c8   JMP 0xc85a
c88e  6c 31 00   JMP (0x31)
c891  20 8e c2   JSR 0xc28e
c894  45 72      EOR 0x72
c896  72 6f      ADC (0x726f)
c898  72 20      ADC (0x7220)
c89a  72 65      ADC (0x6165)
c89c  61 64      ADC (0x64,X)
c89e  69 6e      ADC #0x6e
c8a0  67         ???
c8a1  20 66 69   JSR 0x6966
c8a4  6c 65 0d   JMP (0xd65)
c8a7  0a         ASL A
c8a8  00         BRK
c8a9  60         RTS
c8aa  a2 00      LDX #0x0
c8ac  ec 07 06   CPX 0x607
c8af  f0 15      BEQ 0xc8c6
c8b1  bd 0a 06   LDA 0x60a,X
c8b4  c9 0a      CMP #0xa
c8b6  d0 07      BNE 0xc8bf
c8b8  48         PHA
c8b9  a9 0d      LDA #0xd
c8bb  20 c1 c2   JSR 0xc2c1
c8be  68         PLA
c8bf  20 c1 c2   JSR 0xc2c1
c8c2  e8         INX
c8c3  4c ac c8   JMP 0xc8ac
c8c6  60         RTS
c8c7  ad 08 06   LDA 0x608
c8ca  85 33      STA 0x33
c8cc  ad 09 06   LDA 0x609
c8cf  85 34      STA 0x34
c8d1  a0 00      LDY #0x0
c8d3  cc 07 06   CPY 0x607
c8d6  f0 09      BEQ 0xc8e1
c8d8  b9 0a 06   LDA 0x60a,Y
c8db  91 33      STA (0x33),Y
c8dd  c8         INY
c8de  4c d3 c8   JMP 0xc8d3
c8e1  60         RTS
c8e2  00         BRK
c8e3  00         BRK
c8e4  00         BRK
c8e5  00         BRK
c8e6  00         BRK
c8e7  00         BRK
c8e8  00         BRK
c8e9  00         BRK
c8ea  00         BRK
c8eb  00         BRK
c8ec  00         BRK
c8ed  00         BRK
c8ee  00         BRK
c8ef  00         BRK
c8f0  00         BRK
c8f1  00         BRK
c8f2  00         BRK
c8f3  00         BRK
c8f4  00         BRK
c8f5  00         BRK
c8f6  00         BRK
c8f7  00         BRK
c8f8  00         BRK
c8f9  00         BRK
c8fa  00         BRK
c8fb  00         BRK
c8fc  00         BRK
c8fd  00         BRK
c8fe  00         BRK
c8ff  00         BRK
c900  05 64      ORA 0x64
c902  75 6d      ADC 0x6d,X
c904  70 00      BVS 0xc906
c906  df         ???
c907  c0 04      CPY #0x4
c909  77         ???
c90a  68         PLA
c90b  6f         ???
c90c  00         BRK
c90d  58         CLI
c90e  c1 05      CMP (0x5,X)
c910  70 69      BVS 0xc97b
c912  6e 67 00   ROR 0x67
c915  67         ???
c916  c1 03      CMP (0x3,X)
c918  6c 73 00   JMP (0x73)
c91b  6b         ???
c91c  c1 04      CMP (0x4,X)
c91e  63         ???
c91f  61 74      ADC (0x74,X)
c921  00         BRK
c922  6f         ???
c923  c1 05      CMP (0x5,X)
c925  6c 6f 61   JMP (0x616f)
c928  64 00      STZ 0x0
c92a  99 c1 03   STA 0x3c1,Y
c92d  67         ???
c92e  6f         ???
c92f  00         BRK
c930  c4 c1      CPY 0xc1
c932  05 62      ORA 0x62
c934  6f         ???
c935  6f         ???
c936  74 00      STZ 0x0,X
c938  e2 c1      SEP 
c93a  02 62      COP 
c93c  00         BRK
c93d  e2 c1      SEP 
c93f  00         BRK
c940  00         BRK
c941  00         BRK
c942  00         BRK
c943  00         BRK
c944  00         BRK
c945  00         BRK
c946  00         BRK
c947  00         BRK
c948  00         BRK
c949  00         BRK
c94a  00         BRK
c94b  00         BRK
c94c  00         BRK
c94d  00         BRK
c94e  00         BRK
c94f  00         BRK
c950  00         BRK
c951  00         BRK
c952  00         BRK
c953  00         BRK
c954  00         BRK
c955  00         BRK
c956  00         BRK
c957  00         BRK
c958  00         BRK
c959  00         BRK
c95a  00         BRK
c95b  00         BRK
c95c  00         BRK
c95d  00         BRK
c95e  00         BRK
c95f  00         BRK
c960  00         BRK
c961  00         BRK
c962  00         BRK
c963  00         BRK
c964  00         BRK
c965  00         BRK
c966  00         BRK
c967  00         BRK
c968  00         BRK
c969  00         BRK
c96a  00         BRK
c96b  00         BRK
c96c  00         BRK
c96d  00         BRK
c96e  00         BRK
c96f  00         BRK
c970  00         BRK
c971  00         BRK
c972  00         BRK
c973  00         BRK
c974  00         BRK
c975  00         BRK
c976  00         BRK
c977  00         BRK
c978  00         BRK
c979  00         BRK
c97a  00         BRK
c97b  00         BRK
c97c  00         BRK
c97d  00         BRK
c97e  00         BRK
c97f  00         BRK
c980  00         BRK
c981  00         BRK
c982  00         BRK
c983  00         BRK
c984  00         BRK
c985  00         BRK
c986  00         BRK
c987  00         BRK
c988  00         BRK
c989  00         BRK
c98a  00         BRK
c98b  00         BRK
c98c  00         BRK
c98d  00         BRK
c98e  00         BRK
c98f  00         BRK
c990  00         BRK
c991  00         BRK
c992  00         BRK
c993  00         BRK
c994  00         BRK
c995  00         BRK
c996  00         BRK
c997  00         BRK
c998  00         BRK
c999  00         BRK
c99a  00         BRK
c99b  00         BRK
c99c  00         BRK
c99d  00         BRK
c99e  00         BRK
c99f  00         BRK
c9a0  00         BRK
c9a1  00         BRK
c9a2  00         BRK
c9a3  00         BRK
c9a4  00         BRK
c9a5  00         BRK
c9a6  00         BRK
c9a7  00         BRK
c9a8  00         BRK
c9a9  00         BRK
c9aa  00         BRK
c9ab  00         BRK
c9ac  00         BRK
c9ad  00         BRK
c9ae  00         BRK
c9af  00         BRK
c9b0  00         BRK
c9b1  00         BRK
c9b2  00         BRK
c9b3  00         BRK
c9b4  00         BRK
c9b5  00         BRK
c9b6  00         BRK
c9b7  00         BRK
c9b8  00         BRK
c9b9  00         BRK
c9ba  00         BRK
c9bb  00         BRK
c9bc  00         BRK
c9bd  00         BRK
c9be  00         BRK
c9bf  00         BRK
c9c0  00         BRK
c9c1  00         BRK
c9c2  00         BRK
c9c3  00         BRK
c9c4  00         BRK
c9c5  00         BRK
c9c6  00         BRK
c9c7  00         BRK
c9c8  00         BRK
c9c9  00         BRK
c9ca  00         BRK
c9cb  00         BRK
c9cc  00         BRK
c9cd  00         BRK
c9ce  00         BRK
c9cf  00         BRK
c9d0  00         BRK
c9d1  00         BRK
c9d2  00         BRK
c9d3  00         BRK
c9d4  00         BRK
c9d5  00         BRK
c9d6  00         BRK
c9d7  00         BRK
c9d8  00         BRK
c9d9  00         BRK
c9da  00         BRK
c9db  00         BRK
c9dc  00         BRK
c9dd  00         BRK
c9de  00         BRK
c9df  00         BRK
c9e0  00         BRK
c9e1  00         BRK
c9e2  00         BRK
c9e3  00         BRK
c9e4  00         BRK
c9e5  00         BRK
c9e6  00         BRK
c9e7  00         BRK
c9e8  00         BRK
c9e9  00         BRK
c9ea  00         BRK
c9eb  00         BRK
c9ec  00         BRK
c9ed  00         BRK
c9ee  00         BRK
c9ef  00         BRK
c9f0  00         BRK
c9f1  00         BRK
c9f2  00         BRK
c9f3  00         BRK
c9f4  00         BRK
c9f5  00         BRK
c9f6  00         BRK
c9f7  00         BRK
c9f8  00         BRK
c9f9  00         BRK
c9fa  00         BRK
c9fb  00         BRK
c9fc  00         BRK
c9fd  00         BRK
c9fe  00         BRK
c9ff  00         BRK
ca00  00         BRK
ca01  00         BRK
ca02  00         BRK
ca03  00         BRK
ca04  00         BRK
ca05  00         BRK
ca06  00         BRK
ca07  00         BRK
ca08  00         BRK
ca09  00         BRK
ca0a  00         BRK
ca0b  00         BRK
ca0c  00         BRK
ca0d  00         BRK
ca0e  00         BRK
ca0f  00         BRK
ca10  00         BRK
ca11  00         BRK
ca12  00         BRK
ca13  00         BRK
ca14  00         BRK
ca15  00         BRK
ca16  00         BRK
ca17  00         BRK
ca18  00         BRK
ca19  00         BRK
ca1a  00         BRK
ca1b  00         BRK
ca1c  00         BRK
ca1d  00         BRK
ca1e  00         BRK
ca1f  00         BRK
ca20  00         BRK
ca21  00         BRK
ca22  00         BRK
ca23  00         BRK
ca24  00         BRK
ca25  00         BRK
ca26  00         BRK
ca27  00         BRK
ca28  00         BRK
ca29  00         BRK
ca2a  00         BRK
ca2b  00         BRK
ca2c  00         BRK
ca2d  00         BRK
ca2e  00         BRK
ca2f  00         BRK
ca30  00         BRK
ca31  00         BRK
ca32  00         BRK
ca33  00         BRK
ca34  00         BRK
ca35  00         BRK
ca36  00         BRK
ca37  00         BRK
ca38  00         BRK
ca39  00         BRK
ca3a  00         BRK
ca3b  00         BRK
ca3c  00         BRK
ca3d  00         BRK
ca3e  00         BRK
ca3f  00         BRK
ca40  00         BRK
ca41  00         BRK
ca42  00         BRK
ca43  00         BRK
ca44  00         BRK
ca45  00         BRK
ca46  00         BRK
ca47  00         BRK
ca48  00         BRK
ca49  00         BRK
ca4a  00         BRK
ca4b  00         BRK
ca4c  00         BRK
ca4d  00         BRK
ca4e  00         BRK
ca4f  00         BRK
ca50  00         BRK
ca51  00         BRK
ca52  00         BRK
ca53  00         BRK
ca54  00         BRK
ca55  00         BRK
ca56  00         BRK
ca57  00         BRK
ca58  00         BRK
ca59  00         BRK
ca5a  00         BRK
ca5b  00         BRK
ca5c  00         BRK
ca5d  00         BRK
ca5e  00         BRK
ca5f  00         BRK
ca60  00         BRK
ca61  00         BRK
ca62  00         BRK
ca63  00         BRK
ca64  00         BRK
ca65  00         BRK
ca66  00         BRK
ca67  00         BRK
ca68  00         BRK
ca69  00         BRK
ca6a  00         BRK
ca6b  00         BRK
ca6c  00         BRK
ca6d  00         BRK
ca6e  00         BRK
ca6f  00         BRK
ca70  00         BRK
ca71  00         BRK
ca72  00         BRK
ca73  00         BRK
ca74  00         BRK
ca75  00         BRK
ca76  00         BRK
ca77  00         BRK
ca78  00         BRK
ca79  00         BRK
ca7a  00         BRK
ca7b  00         BRK
ca7c  00         BRK
ca7d  00         BRK
ca7e  00         BRK
ca7f  00         BRK
ca80  00         BRK
ca81  00         BRK
ca82  00         BRK
ca83  00         BRK
ca84  00         BRK
ca85  00         BRK
ca86  00         BRK
ca87  00         BRK
ca88  00         BRK
ca89  00         BRK
ca8a  00         BRK
ca8b  00         BRK
ca8c  00         BRK
ca8d  00         BRK
ca8e  00         BRK
ca8f  00         BRK
ca90  00         BRK
ca91  00         BRK
ca92  00         BRK
ca93  00         BRK
ca94  00         BRK
ca95  00         BRK
ca96  00         BRK
ca97  00         BRK
ca98  00         BRK
ca99  00         BRK
ca9a  00         BRK
ca9b  00         BRK
ca9c  00         BRK
ca9d  00         BRK
ca9e  00         BRK
ca9f  00         BRK
caa0  00         BRK
caa1  00         BRK
caa2  00         BRK
caa3  00         BRK
caa4  00         BRK
caa5  00         BRK
caa6  00         BRK
caa7  00         BRK
caa8  00         BRK
caa9  00         BRK
caaa  00         BRK
caab  00         BRK
caac  00         BRK
caad  00         BRK
caae  00         BRK
caaf  00         BRK
cab0  00         BRK
cab1  00         BRK
cab2  00         BRK
cab3  00         BRK
cab4  00         BRK
cab5  00         BRK
cab6  00         BRK
cab7  00         BRK
cab8  00         BRK
cab9  00         BRK
caba  00         BRK
cabb  00         BRK
cabc  00         BRK
cabd  00         BRK
cabe  00         BRK
cabf  00         BRK
cac0  00         BRK
cac1  00         BRK
cac2  00         BRK
cac3  00         BRK
cac4  00         BRK
cac5  00         BRK
cac6  00         BRK
cac7  00         BRK
cac8  00         BRK
cac9  00         BRK
caca  00         BRK
cacb  00         BRK
cacc  00         BRK
cacd  00         BRK
cace  00         BRK
cacf  00         BRK
cad0  00         BRK
cad1  00         BRK
cad2  00         BRK
cad3  00         BRK
cad4  00         BRK
cad5  00         BRK
cad6  00         BRK
cad7  00         BRK
cad8  00         BRK
cad9  00         BRK
cada  00         BRK
cadb  00         BRK
cadc  00         BRK
cadd  00         BRK
cade  00         BRK
cadf  00         BRK
cae0  00         BRK
cae1  00         BRK
cae2  00         BRK
cae3  00         BRK
cae4  00         BRK
cae5  00         BRK
cae6  00         BRK
cae7  00         BRK
cae8  00         BRK
cae9  00         BRK
caea  00         BRK
caeb  00         BRK
caec  00         BRK
caed  00         BRK
caee  00         BRK
caef  00         BRK
caf0  00         BRK
caf1  00         BRK
caf2  00         BRK
caf3  00         BRK
caf4  00         BRK
caf5  00         BRK
caf6  00         BRK
caf7  00         BRK
caf8  00         BRK
caf9  00         BRK
cafa  00         BRK
cafb  00         BRK
cafc  00         BRK
cafd  00         BRK
cafe  00         BRK
caff  00         BRK
cb00  00         BRK
cb01  00         BRK
cb02  00         BRK
cb03  00         BRK
cb04  00         BRK
cb05  00         BRK
cb06  00         BRK
cb07  00         BRK
cb08  00         BRK
cb09  00         BRK
cb0a  00         BRK
cb0b  00         BRK
cb0c  00         BRK
cb0d  00         BRK
cb0e  00         BRK
cb0f  00         BRK
cb10  00         BRK
cb11  00         BRK
cb12  00         BRK
cb13  00         BRK
cb14  00         BRK
cb15  00         BRK
cb16  00         BRK
cb17  00         BRK
cb18  00         BRK
cb19  00         BRK
cb1a  00         BRK
cb1b  00         BRK
cb1c  00         BRK
cb1d  00         BRK
cb1e  00         BRK
cb1f  00         BRK
cb20  00         BRK
cb21  00         BRK
cb22  00         BRK
cb23  00         BRK
cb24  00         BRK
cb25  00         BRK
cb26  00         BRK
cb27  00         BRK
cb28  00         BRK
cb29  00         BRK
cb2a  00         BRK
cb2b  00         BRK
cb2c  00         BRK
cb2d  00         BRK
cb2e  00         BRK
cb2f  00         BRK
cb30  00         BRK
cb31  00         BRK
cb32  00         BRK
cb33  00         BRK
cb34  00         BRK
cb35  00         BRK
cb36  00         BRK
cb37  00         BRK
cb38  00         BRK
cb39  00         BRK
cb3a  00         BRK
cb3b  00         BRK
cb3c  00         BRK
cb3d  00         BRK
cb3e  00         BRK
cb3f  00         BRK
cb40  00         BRK
cb41  00         BRK
cb42  00         BRK
cb43  00         BRK
cb44  00         BRK
cb45  00         BRK
cb46  00         BRK
cb47  00         BRK
cb48  00         BRK
cb49  00         BRK
cb4a  00         BRK
cb4b  00         BRK
cb4c  00         BRK
cb4d  00         BRK
cb4e  00         BRK
cb4f  00         BRK
cb50  00         BRK
cb51  00         BRK
cb52  00         BRK
cb53  00         BRK
cb54  00         BRK
cb55  00         BRK
cb56  00         BRK
cb57  00         BRK
cb58  00         BRK
cb59  00         BRK
cb5a  00         BRK
cb5b  00         BRK
cb5c  00         BRK
cb5d  00         BRK
cb5e  00         BRK
cb5f  00         BRK
cb60  00         BRK
cb61  00         BRK
cb62  00         BRK
cb63  00         BRK
cb64  00         BRK
cb65  00         BRK
cb66  00         BRK
cb67  00         BRK
cb68  00         BRK
cb69  00         BRK
cb6a  00         BRK
cb6b  00         BRK
cb6c  00         BRK
cb6d  00         BRK
cb6e  00         BRK
cb6f  00         BRK
cb70  00         BRK
cb71  00         BRK
cb72  00         BRK
cb73  00         BRK
cb74  00         BRK
cb75  00         BRK
cb76  00         BRK
cb77  00         BRK
cb78  00         BRK
cb79  00         BRK
cb7a  00         BRK
cb7b  00         BRK
cb7c  00         BRK
cb7d  00         BRK
cb7e  00         BRK
cb7f  00         BRK
cb80  00         BRK
cb81  00         BRK
cb82  00         BRK
cb83  00         BRK
cb84  00         BRK
cb85  00         BRK
cb86  00         BRK
cb87  00         BRK
cb88  00         BRK
cb89  00         BRK
cb8a  00         BRK
cb8b  00         BRK
cb8c  00         BRK
cb8d  00         BRK
cb8e  00         BRK
cb8f  00         BRK
cb90  00         BRK
cb91  00         BRK
cb92  00         BRK
cb93  00         BRK
cb94  00         BRK
cb95  00         BRK
cb96  00         BRK
cb97  00         BRK
cb98  00         BRK
cb99  00         BRK
cb9a  00         BRK
cb9b  00         BRK
cb9c  00         BRK
cb9d  00         BRK
cb9e  00         BRK
cb9f  00         BRK
cba0  00         BRK
cba1  00         BRK
cba2  00         BRK
cba3  00         BRK
cba4  00         BRK
cba5  00         BRK
cba6  00         BRK
cba7  00         BRK
cba8  00         BRK
cba9  00         BRK
cbaa  00         BRK
cbab  00         BRK
cbac  00         BRK
cbad  00         BRK
cbae  00         BRK
cbaf  00         BRK
cbb0  00         BRK
cbb1  00         BRK
cbb2  00         BRK
cbb3  00         BRK
cbb4  00         BRK
cbb5  00         BRK
cbb6  00         BRK
cbb7  00         BRK
cbb8  00         BRK
cbb9  00         BRK
cbba  00         BRK
cbbb  00         BRK
cbbc  00         BRK
cbbd  00         BRK
cbbe  00         BRK
cbbf  00         BRK
cbc0  00         BRK
cbc1  00         BRK
cbc2  00         BRK
cbc3  00         BRK
cbc4  00         BRK
cbc5  00         BRK
cbc6  00         BRK
cbc7  00         BRK
cbc8  00         BRK
cbc9  00         BRK
cbca  00         BRK
cbcb  00         BRK
cbcc  00         BRK
cbcd  00         BRK
cbce  00         BRK
cbcf  00         BRK
cbd0  00         BRK
cbd1  00         BRK
cbd2  00         BRK
cbd3  00         BRK
cbd4  00         BRK
cbd5  00         BRK
cbd6  00         BRK
cbd7  00         BRK
cbd8  00         BRK
cbd9  00         BRK
cbda  00         BRK
cbdb  00         BRK
cbdc  00         BRK
cbdd  00         BRK
cbde  00         BRK
cbdf  00         BRK
cbe0  00         BRK
cbe1  00         BRK
cbe2  00         BRK
cbe3  00         BRK
cbe4  00         BRK
cbe5  00         BRK
cbe6  00         BRK
cbe7  00         BRK
cbe8  00         BRK
cbe9  00         BRK
cbea  00         BRK
cbeb  00         BRK
cbec  00         BRK
cbed  00         BRK
cbee  00         BRK
cbef  00         BRK
cbf0  00         BRK
cbf1  00         BRK
cbf2  00         BRK
cbf3  00         BRK
cbf4  00         BRK
cbf5  00         BRK
cbf6  00         BRK
cbf7  00         BRK
cbf8  00         BRK
cbf9  00         BRK
cbfa  00         BRK
cbfb  00         BRK
cbfc  00         BRK
cbfd  00         BRK
cbfe  00         BRK
cbff  00         BRK
cc00  00         BRK
cc01  00         BRK
cc02  00         BRK
cc03  00         BRK
cc04  00         BRK
cc05  00         BRK
cc06  00         BRK
cc07  00         BRK
cc08  00         BRK
cc09  00         BRK
cc0a  00         BRK
cc0b  00         BRK
cc0c  00         BRK
cc0d  00         BRK
cc0e  00         BRK
cc0f  00         BRK
cc10  00         BRK
cc11  00         BRK
cc12  00         BRK
cc13  00         BRK
cc14  00         BRK
cc15  00         BRK
cc16  00         BRK
cc17  00         BRK
cc18  00         BRK
cc19  00         BRK
cc1a  00         BRK
cc1b  00         BRK
cc1c  00         BRK
cc1d  00         BRK
cc1e  00         BRK
cc1f  00         BRK
cc20  00         BRK
cc21  00         BRK
cc22  00         BRK
cc23  00         BRK
cc24  00         BRK
cc25  00         BRK
cc26  00         BRK
cc27  00         BRK
cc28  00         BRK
cc29  00         BRK
cc2a  00         BRK
cc2b  00         BRK
cc2c  00         BRK
cc2d  00         BRK
cc2e  00         BRK
cc2f  00         BRK
cc30  00         BRK
cc31  00         BRK
cc32  00         BRK
cc33  00         BRK
cc34  00         BRK
cc35  00         BRK
cc36  00         BRK
cc37  00         BRK
cc38  00         BRK
cc39  00         BRK
cc3a  00         BRK
cc3b  00         BRK
cc3c  00         BRK
cc3d  00         BRK
cc3e  00         BRK
cc3f  00         BRK
cc40  00         BRK
cc41  00         BRK
cc42  00         BRK
cc43  00         BRK
cc44  00         BRK
cc45  00         BRK
cc46  00         BRK
cc47  00         BRK
cc48  00         BRK
cc49  00         BRK
cc4a  00         BRK
cc4b  00         BRK
cc4c  00         BRK
cc4d  00         BRK
cc4e  00         BRK
cc4f  00         BRK
cc50  00         BRK
cc51  00         BRK
cc52  00         BRK
cc53  00         BRK
cc54  00         BRK
cc55  00         BRK
cc56  00         BRK
cc57  00         BRK
cc58  00         BRK
cc59  00         BRK
cc5a  00         BRK
cc5b  00         BRK
cc5c  00         BRK
cc5d  00         BRK
cc5e  00         BRK
cc5f  00         BRK
cc60  00         BRK
cc61  00         BRK
cc62  00         BRK
cc63  00         BRK
cc64  00         BRK
cc65  00         BRK
cc66  00         BRK
cc67  00         BRK
cc68  00         BRK
cc69  00         BRK
cc6a  00         BRK
cc6b  00         BRK
cc6c  00         BRK
cc6d  00         BRK
cc6e  00         BRK
cc6f  00         BRK
cc70  00         BRK
cc71  00         BRK
cc72  00         BRK
cc73  00         BRK
cc74  00         BRK
cc75  00         BRK
cc76  00         BRK
cc77  00         BRK
cc78  00         BRK
cc79  00         BRK
cc7a  00         BRK
cc7b  00         BRK
cc7c  00         BRK
cc7d  00         BRK
cc7e  00         BRK
cc7f  00         BRK
cc80  00         BRK
cc81  00         BRK
cc82  00         BRK
cc83  00         BRK
cc84  00         BRK
cc85  00         BRK
cc86  00         BRK
cc87  00         BRK
cc88  00         BRK
cc89  00         BRK
cc8a  00         BRK
cc8b  00         BRK
cc8c  00         BRK
cc8d  00         BRK
cc8e  00         BRK
cc8f  00         BRK
cc90  00         BRK
cc91  00         BRK
cc92  00         BRK
cc93  00         BRK
cc94  00         BRK
cc95  00         BRK
cc96  00         BRK
cc97  00         BRK
cc98  00         BRK
cc99  00         BRK
cc9a  00         BRK
cc9b  00         BRK
cc9c  00         BRK
cc9d  00         BRK
cc9e  00         BRK
cc9f  00         BRK
cca0  00         BRK
cca1  00         BRK
cca2  00         BRK
cca3  00         BRK
cca4  00         BRK
cca5  00         BRK
cca6  00         BRK
cca7  00         BRK
cca8  00         BRK
cca9  00         BRK
ccaa  00         BRK
ccab  00         BRK
ccac  00         BRK
ccad  00         BRK
ccae  00         BRK
ccaf  00         BRK
ccb0  00         BRK
ccb1  00         BRK
ccb2  00         BRK
ccb3  00         BRK
ccb4  00         BRK
ccb5  00         BRK
ccb6  00         BRK
ccb7  00         BRK
ccb8  00         BRK
ccb9  00         BRK
ccba  00         BRK
ccbb  00         BRK
ccbc  00         BRK
ccbd  00         BRK
ccbe  00         BRK
ccbf  00         BRK
ccc0  00         BRK
ccc1  00         BRK
ccc2  00         BRK
ccc3  00         BRK
ccc4  00         BRK
ccc5  00         BRK
ccc6  00         BRK
ccc7  00         BRK
ccc8  00         BRK
ccc9  00         BRK
ccca  00         BRK
cccb  00         BRK
cccc  00         BRK
cccd  00         BRK
ccce  00         BRK
cccf  00         BRK
ccd0  00         BRK
ccd1  00         BRK
ccd2  00         BRK
ccd3  00         BRK
ccd4  00         BRK
ccd5  00         BRK
ccd6  00         BRK
ccd7  00         BRK
ccd8  00         BRK
ccd9  00         BRK
ccda  00         BRK
ccdb  00         BRK
ccdc  00         BRK
ccdd  00         BRK
ccde  00         BRK
ccdf  00         BRK
cce0  00         BRK
cce1  00         BRK
cce2  00         BRK
cce3  00         BRK
cce4  00         BRK
cce5  00         BRK
cce6  00         BRK
cce7  00         BRK
cce8  00         BRK
cce9  00         BRK
ccea  00         BRK
cceb  00         BRK
ccec  00         BRK
cced  00         BRK
ccee  00         BRK
ccef  00         BRK
ccf0  00         BRK
ccf1  00         BRK
ccf2  00         BRK
ccf3  00         BRK
ccf4  00         BRK
ccf5  00         BRK
ccf6  00         BRK
ccf7  00         BRK
ccf8  00         BRK
ccf9  00         BRK
ccfa  00         BRK
ccfb  00         BRK
ccfc  00         BRK
ccfd  00         BRK
ccfe  00         BRK
ccff  00         BRK
cd00  00         BRK
cd01  00         BRK
cd02  00         BRK
cd03  00         BRK
cd04  00         BRK
cd05  00         BRK
cd06  00         BRK
cd07  00         BRK
cd08  00         BRK
cd09  00         BRK
cd0a  00         BRK
cd0b  00         BRK
cd0c  00         BRK
cd0d  00         BRK
cd0e  00         BRK
cd0f  00         BRK
cd10  00         BRK
cd11  00         BRK
cd12  00         BRK
cd13  00         BRK
cd14  00         BRK
cd15  00         BRK
cd16  00         BRK
cd17  00         BRK
cd18  00         BRK
cd19  00         BRK
cd1a  00         BRK
cd1b  00         BRK
cd1c  00         BRK
cd1d  00         BRK
cd1e  00         BRK
cd1f  00         BRK
cd20  00         BRK
cd21  00         BRK
cd22  00         BRK
cd23  00         BRK
cd24  00         BRK
cd25  00         BRK
cd26  00         BRK
cd27  00         BRK
cd28  00         BRK
cd29  00         BRK
cd2a  00         BRK
cd2b  00         BRK
cd2c  00         BRK
cd2d  00         BRK
cd2e  00         BRK
cd2f  00         BRK
cd30  00         BRK
cd31  00         BRK
cd32  00         BRK
cd33  00         BRK
cd34  00         BRK
cd35  00         BRK
cd36  00         BRK
cd37  00         BRK
cd38  00         BRK
cd39  00         BRK
cd3a  00         BRK
cd3b  00         BRK
cd3c  00         BRK
cd3d  00         BRK
cd3e  00         BRK
cd3f  00         BRK
cd40  00         BRK
cd41  00         BRK
cd42  00         BRK
cd43  00         BRK
cd44  00         BRK
cd45  00         BRK
cd46  00         BRK
cd47  00         BRK
cd48  00         BRK
cd49  00         BRK
cd4a  00         BRK
cd4b  00         BRK
cd4c  00         BRK
cd4d  00         BRK
cd4e  00         BRK
cd4f  00         BRK
cd50  00         BRK
cd51  00         BRK
cd52  00         BRK
cd53  00         BRK
cd54  00         BRK
cd55  00         BRK
cd56  00         BRK
cd57  00         BRK
cd58  00         BRK
cd59  00         BRK
cd5a  00         BRK
cd5b  00         BRK
cd5c  00         BRK
cd5d  00         BRK
cd5e  00         BRK
cd5f  00         BRK
cd60  00         BRK
cd61  00         BRK
cd62  00         BRK
cd63  00         BRK
cd64  00         BRK
cd65  00         BRK
cd66  00         BRK
cd67  00         BRK
cd68  00         BRK
cd69  00         BRK
cd6a  00         BRK
cd6b  00         BRK
cd6c  00         BRK
cd6d  00         BRK
cd6e  00         BRK
cd6f  00         BRK
cd70  00         BRK
cd71  00         BRK
cd72  00         BRK
cd73  00         BRK
cd74  00         BRK
cd75  00         BRK
cd76  00         BRK
cd77  00         BRK
cd78  00         BRK
cd79  00         BRK
cd7a  00         BRK
cd7b  00         BRK
cd7c  00         BRK
cd7d  00         BRK
cd7e  00         BRK
cd7f  00         BRK
cd80  00         BRK
cd81  00         BRK
cd82  00         BRK
cd83  00         BRK
cd84  00         BRK
cd85  00         BRK
cd86  00         BRK
cd87  00         BRK
cd88  00         BRK
cd89  00         BRK
cd8a  00         BRK
cd8b  00         BRK
cd8c  00         BRK
cd8d  00         BRK
cd8e  00         BRK
cd8f  00         BRK
cd90  00         BRK
cd91  00         BRK
cd92  00         BRK
cd93  00         BRK
cd94  00         BRK
cd95  00         BRK
cd96  00         BRK
cd97  00         BRK
cd98  00         BRK
cd99  00         BRK
cd9a  00         BRK
cd9b  00         BRK
cd9c  00         BRK
cd9d  00         BRK
cd9e  00         BRK
cd9f  00         BRK
cda0  00         BRK
cda1  00         BRK
cda2  00         BRK
cda3  00         BRK
cda4  00         BRK
cda5  00         BRK
cda6  00         BRK
cda7  00         BRK
cda8  00         BRK
cda9  00         BRK
cdaa  00         BRK
cdab  00         BRK
cdac  00         BRK
cdad  00         BRK
cdae  00         BRK
cdaf  00         BRK
cdb0  00         BRK
cdb1  00         BRK
cdb2  00         BRK
cdb3  00         BRK
cdb4  00         BRK
cdb5  00         BRK
cdb6  00         BRK
cdb7  00         BRK
cdb8  00         BRK
cdb9  00         BRK
cdba  00         BRK
cdbb  00         BRK
cdbc  00         BRK
cdbd  00         BRK
cdbe  00         BRK
cdbf  00         BRK
cdc0  00         BRK
cdc1  00         BRK
cdc2  00         BRK
cdc3  00         BRK
cdc4  00         BRK
cdc5  00         BRK
cdc6  00         BRK
cdc7  00         BRK
cdc8  00         BRK
cdc9  00         BRK
cdca  00         BRK
cdcb  00         BRK
cdcc  00         BRK
cdcd  00         BRK
cdce  00         BRK
cdcf  00         BRK
cdd0  00         BRK
cdd1  00         BRK
cdd2  00         BRK
cdd3  00         BRK
cdd4  00         BRK
cdd5  00         BRK
cdd6  00         BRK
cdd7  00         BRK
cdd8  00         BRK
cdd9  00         BRK
cdda  00         BRK
cddb  00         BRK
cddc  00         BRK
cddd  00         BRK
cdde  00         BRK
cddf  00         BRK
cde0  00         BRK
cde1  00         BRK
cde2  00         BRK
cde3  00         BRK
cde4  00         BRK
cde5  00         BRK
cde6  00         BRK
cde7  00         BRK
cde8  00         BRK
cde9  00         BRK
cdea  00         BRK
cdeb  00         BRK
cdec  00         BRK
cded  00         BRK
cdee  00         BRK
cdef  00         BRK
cdf0  00         BRK
cdf1  00         BRK
cdf2  00         BRK
cdf3  00         BRK
cdf4  00         BRK
cdf5  00         BRK
cdf6  00         BRK
cdf7  00         BRK
cdf8  00         BRK
cdf9  00         BRK
cdfa  00         BRK
cdfb  00         BRK
cdfc  00         BRK
cdfd  00         BRK
cdfe  00         BRK
cdff  00         BRK
ce00  00         BRK
ce01  00         BRK
ce02  00         BRK
ce03  00         BRK
ce04  00         BRK
ce05  00         BRK
ce06  00         BRK
ce07  00         BRK
ce08  00         BRK
ce09  00         BRK
ce0a  00         BRK
ce0b  00         BRK
ce0c  00         BRK
ce0d  00         BRK
ce0e  00         BRK
ce0f  00         BRK
ce10  00         BRK
ce11  00         BRK
ce12  00         BRK
ce13  00         BRK
ce14  00         BRK
ce15  00         BRK
ce16  00         BRK
ce17  00         BRK
ce18  00         BRK
ce19  00         BRK
ce1a  00         BRK
ce1b  00         BRK
ce1c  00         BRK
ce1d  00         BRK
ce1e  00         BRK
ce1f  00         BRK
ce20  00         BRK
ce21  00         BRK
ce22  00         BRK
ce23  00         BRK
ce24  00         BRK
ce25  00         BRK
ce26  00         BRK
ce27  00         BRK
ce28  00         BRK
ce29  00         BRK
ce2a  00         BRK
ce2b  00         BRK
ce2c  00         BRK
ce2d  00         BRK
ce2e  00         BRK
ce2f  00         BRK
ce30  00         BRK
ce31  00         BRK
ce32  00         BRK
ce33  00         BRK
ce34  00         BRK
ce35  00         BRK
ce36  00         BRK
ce37  00         BRK
ce38  00         BRK
ce39  00         BRK
ce3a  00         BRK
ce3b  00         BRK
ce3c  00         BRK
ce3d  00         BRK
ce3e  00         BRK
ce3f  00         BRK
ce40  00         BRK
ce41  00         BRK
ce42  00         BRK
ce43  00         BRK
ce44  00         BRK
ce45  00         BRK
ce46  00         BRK
ce47  00         BRK
ce48  00         BRK
ce49  00         BRK
ce4a  00         BRK
ce4b  00         BRK
ce4c  00         BRK
ce4d  00         BRK
ce4e  00         BRK
ce4f  00         BRK
ce50  00         BRK
ce51  00         BRK
ce52  00         BRK
ce53  00         BRK
ce54  00         BRK
ce55  00         BRK
ce56  00         BRK
ce57  00         BRK
ce58  00         BRK
ce59  00         BRK
ce5a  00         BRK
ce5b  00         BRK
ce5c  00         BRK
ce5d  00         BRK
ce5e  00         BRK
ce5f  00         BRK
ce60  00         BRK
ce61  00         BRK
ce62  00         BRK
ce63  00         BRK
ce64  00         BRK
ce65  00         BRK
ce66  00         BRK
ce67  00         BRK
ce68  00         BRK
ce69  00         BRK
ce6a  00         BRK
ce6b  00         BRK
ce6c  00         BRK
ce6d  00         BRK
ce6e  00         BRK
ce6f  00         BRK
ce70  00         BRK
ce71  00         BRK
ce72  00         BRK
ce73  00         BRK
ce74  00         BRK
ce75  00         BRK
ce76  00         BRK
ce77  00         BRK
ce78  00         BRK
ce79  00         BRK
ce7a  00         BRK
ce7b  00         BRK
ce7c  00         BRK
ce7d  00         BRK
ce7e  00         BRK
ce7f  00         BRK
ce80  00         BRK
ce81  00         BRK
ce82  00         BRK
ce83  00         BRK
ce84  00         BRK
ce85  00         BRK
ce86  00         BRK
ce87  00         BRK
ce88  00         BRK
ce89  00         BRK
ce8a  00         BRK
ce8b  00         BRK
ce8c  00         BRK
ce8d  00         BRK
ce8e  00         BRK
ce8f  00         BRK
ce90  00         BRK
ce91  00         BRK
ce92  00         BRK
ce93  00         BRK
ce94  00         BRK
ce95  00         BRK
ce96  00         BRK
ce97  00         BRK
ce98  00         BRK
ce99  00         BRK
ce9a  00         BRK
ce9b  00         BRK
ce9c  00         BRK
ce9d  00         BRK
ce9e  00         BRK
ce9f  00         BRK
cea0  00         BRK
cea1  00         BRK
cea2  00         BRK
cea3  00         BRK
cea4  00         BRK
cea5  00         BRK
cea6  00         BRK
cea7  00         BRK
cea8  00         BRK
cea9  00         BRK
ceaa  00         BRK
ceab  00         BRK
ceac  00         BRK
cead  00         BRK
ceae  00         BRK
ceaf  00         BRK
ceb0  00         BRK
ceb1  00         BRK
ceb2  00         BRK
ceb3  00         BRK
ceb4  00         BRK
ceb5  00         BRK
ceb6  00         BRK
ceb7  00         BRK
ceb8  00         BRK
ceb9  00         BRK
ceba  00         BRK
cebb  00         BRK
cebc  00         BRK
cebd  00         BRK
cebe  00         BRK
cebf  00         BRK
cec0  00         BRK
cec1  00         BRK
cec2  00         BRK
cec3  00         BRK
cec4  00         BRK
cec5  00         BRK
cec6  00         BRK
cec7  00         BRK
cec8  00         BRK
cec9  00         BRK
ceca  00         BRK
cecb  00         BRK
cecc  00         BRK
cecd  00         BRK
cece  00         BRK
cecf  00         BRK
ced0  00         BRK
ced1  00         BRK
ced2  00         BRK
ced3  00         BRK
ced4  00         BRK
ced5  00         BRK
ced6  00         BRK
ced7  00         BRK
ced8  00         BRK
ced9  00         BRK
ceda  00         BRK
cedb  00         BRK
cedc  00         BRK
cedd  00         BRK
cede  00         BRK
cedf  00         BRK
cee0  00         BRK
cee1  00         BRK
cee2  00         BRK
cee3  00         BRK
cee4  00         BRK
cee5  00         BRK
cee6  00         BRK
cee7  00         BRK
cee8  00         BRK
cee9  00         BRK
ceea  00         BRK
ceeb  00         BRK
ceec  00         BRK
ceed  00         BRK
ceee  00         BRK
ceef  00         BRK
cef0  00         BRK
cef1  00         BRK
cef2  00         BRK
cef3  00         BRK
cef4  00         BRK
cef5  00         BRK
cef6  00         BRK
cef7  00         BRK
cef8  00         BRK
cef9  00         BRK
cefa  00         BRK
cefb  00         BRK
cefc  00         BRK
cefd  00         BRK
cefe  00         BRK
ceff  00         BRK
cf00  00         BRK
cf01  00         BRK
cf02  00         BRK
cf03  00         BRK
cf04  00         BRK
cf05  00         BRK
cf06  00         BRK
cf07  00         BRK
cf08  00         BRK
cf09  00         BRK
cf0a  00         BRK
cf0b  00         BRK
cf0c  00         BRK
cf0d  00         BRK
cf0e  00         BRK
cf0f  00         BRK
cf10  00         BRK
cf11  00         BRK
cf12  00         BRK
cf13  00         BRK
cf14  00         BRK
cf15  00         BRK
cf16  00         BRK
cf17  00         BRK
cf18  00         BRK
cf19  00         BRK
cf1a  00         BRK
cf1b  00         BRK
cf1c  00         BRK
cf1d  00         BRK
cf1e  00         BRK
cf1f  00         BRK
cf20  00         BRK
cf21  00         BRK
cf22  00         BRK
cf23  00         BRK
cf24  00         BRK
cf25  00         BRK
cf26  00         BRK
cf27  00         BRK
cf28  00         BRK
cf29  00         BRK
cf2a  00         BRK
cf2b  00         BRK
cf2c  00         BRK
cf2d  00         BRK
cf2e  00         BRK
cf2f  00         BRK
cf30  00         BRK
cf31  00         BRK
cf32  00         BRK
cf33  00         BRK
cf34  00         BRK
cf35  00         BRK
cf36  00         BRK
cf37  00         BRK
cf38  00         BRK
cf39  00         BRK
cf3a  00         BRK
cf3b  00         BRK
cf3c  00         BRK
cf3d  00         BRK
cf3e  00         BRK
cf3f  00         BRK
cf40  00         BRK
cf41  00         BRK
cf42  00         BRK
cf43  00         BRK
cf44  00         BRK
cf45  00         BRK
cf46  00         BRK
cf47  00         BRK
cf48  00         BRK
cf49  00         BRK
cf4a  00         BRK
cf4b  00         BRK
cf4c  00         BRK
cf4d  00         BRK
cf4e  00         BRK
cf4f  00         BRK
cf50  00         BRK
cf51  00         BRK
cf52  00         BRK
cf53  00         BRK
cf54  00         BRK
cf55  00         BRK
cf56  00         BRK
cf57  00         BRK
cf58  00         BRK
cf59  00         BRK
cf5a  00         BRK
cf5b  00         BRK
cf5c  00         BRK
cf5d  00         BRK
cf5e  00         BRK
cf5f  00         BRK
cf60  00         BRK
cf61  00         BRK
cf62  00         BRK
cf63  00         BRK
cf64  00         BRK
cf65  00         BRK
cf66  00         BRK
cf67  00         BRK
cf68  00         BRK
cf69  00         BRK
cf6a  00         BRK
cf6b  00         BRK
cf6c  00         BRK
cf6d  00         BRK
cf6e  00         BRK
cf6f  00         BRK
cf70  00         BRK
cf71  00         BRK
cf72  00         BRK
cf73  00         BRK
cf74  00         BRK
cf75  00         BRK
cf76  00         BRK
cf77  00         BRK
cf78  00         BRK
cf79  00         BRK
cf7a  00         BRK
cf7b  00         BRK
cf7c  00         BRK
cf7d  00         BRK
cf7e  00         BRK
cf7f  00         BRK
cf80  00         BRK
cf81  00         BRK
cf82  00         BRK
cf83  00         BRK
cf84  00         BRK
cf85  00         BRK
cf86  00         BRK
cf87  00         BRK
cf88  00         BRK
cf89  00         BRK
cf8a  00         BRK
cf8b  00         BRK
cf8c  00         BRK
cf8d  00         BRK
cf8e  00         BRK
cf8f  00         BRK
cf90  00         BRK
cf91  00         BRK
cf92  00         BRK
cf93  00         BRK
cf94  00         BRK
cf95  00         BRK
cf96  00         BRK
cf97  00         BRK
cf98  00         BRK
cf99  00         BRK
cf9a  00         BRK
cf9b  00         BRK
cf9c  00         BRK
cf9d  00         BRK
cf9e  00         BRK
cf9f  00         BRK
cfa0  00         BRK
cfa1  00         BRK
cfa2  00         BRK
cfa3  00         BRK
cfa4  00         BRK
cfa5  00         BRK
cfa6  00         BRK
cfa7  00         BRK
cfa8  00         BRK
cfa9  00         BRK
cfaa  00         BRK
cfab  00         BRK
cfac  00         BRK
cfad  00         BRK
cfae  00         BRK
cfaf  00         BRK
cfb0  00         BRK
cfb1  00         BRK
cfb2  00         BRK
cfb3  00         BRK
cfb4  00         BRK
cfb5  00         BRK
cfb6  00         BRK
cfb7  00         BRK
cfb8  00         BRK
cfb9  00         BRK
cfba  00         BRK
cfbb  00         BRK
cfbc  00         BRK
cfbd  00         BRK
cfbe  00         BRK
cfbf  00         BRK
cfc0  00         BRK
cfc1  00         BRK
cfc2  00         BRK
cfc3  00         BRK
cfc4  00         BRK
cfc5  00         BRK
cfc6  00         BRK
cfc7  00         BRK
cfc8  00         BRK
cfc9  00         BRK
cfca  00         BRK
cfcb  00         BRK
cfcc  00         BRK
cfcd  00         BRK
cfce  00         BRK
cfcf  00         BRK
cfd0  00         BRK
cfd1  00         BRK
cfd2  00         BRK
cfd3  00         BRK
cfd4  00         BRK
cfd5  00         BRK
cfd6  00         BRK
cfd7  00         BRK
cfd8  00         BRK
cfd9  00         BRK
cfda  00         BRK
cfdb  00         BRK
cfdc  00         BRK
cfdd  00         BRK
cfde  00         BRK
cfdf  00         BRK
cfe0  00         BRK
cfe1  00         BRK
cfe2  00         BRK
cfe3  00         BRK
cfe4  00         BRK
cfe5  00         BRK
cfe6  00         BRK
cfe7  00         BRK
cfe8  00         BRK
cfe9  00         BRK
cfea  00         BRK
cfeb  00         BRK
cfec  00         BRK
cfed  00         BRK
cfee  00         BRK
cfef  00         BRK
cff0  00         BRK
cff1  00         BRK
cff2  00         BRK
cff3  00         BRK
cff4  00         BRK
cff5  00         BRK
cff6  00         BRK
cff7  00         BRK
cff8  00         BRK
cff9  00         BRK
cffa  00         BRK
cffb  00         BRK
cffc  00         BRK
cffd  00         BRK
cffe  00         BRK
cfff  00         BRK
d000  00         BRK
d001  00         BRK
d002  00         BRK
d003  00         BRK
d004  00         BRK
d005  00         BRK
d006  00         BRK
d007  00         BRK
d008  00         BRK
d009  00         BRK
d00a  00         BRK
d00b  00         BRK
d00c  00         BRK
d00d  00         BRK
d00e  00         BRK
d00f  00         BRK
d010  00         BRK
d011  00         BRK
d012  00         BRK
d013  00         BRK
d014  00         BRK
d015  00         BRK
d016  00         BRK
d017  00         BRK
d018  00         BRK
d019  00         BRK
d01a  00         BRK
d01b  00         BRK
d01c  00         BRK
d01d  00         BRK
d01e  00         BRK
d01f  00         BRK
d020  00         BRK
d021  00         BRK
d022  00         BRK
d023  00         BRK
d024  00         BRK
d025  00         BRK
d026  00         BRK
d027  00         BRK
d028  00         BRK
d029  00         BRK
d02a  00         BRK
d02b  00         BRK
d02c  00         BRK
d02d  00         BRK
d02e  00         BRK
d02f  00         BRK
d030  00         BRK
d031  00         BRK
d032  00         BRK
d033  00         BRK
d034  00         BRK
d035  00         BRK
d036  00         BRK
d037  00         BRK
d038  00         BRK
d039  00         BRK
d03a  00         BRK
d03b  00         BRK
d03c  00         BRK
d03d  00         BRK
d03e  00         BRK
d03f  00         BRK
d040  00         BRK
d041  00         BRK
d042  00         BRK
d043  00         BRK
d044  00         BRK
d045  00         BRK
d046  00         BRK
d047  00         BRK
d048  00         BRK
d049  00         BRK
d04a  00         BRK
d04b  00         BRK
d04c  00         BRK
d04d  00         BRK
d04e  00         BRK
d04f  00         BRK
d050  00         BRK
d051  00         BRK
d052  00         BRK
d053  00         BRK
d054  00         BRK
d055  00         BRK
d056  00         BRK
d057  00         BRK
d058  00         BRK
d059  00         BRK
d05a  00         BRK
d05b  00         BRK
d05c  00         BRK
d05d  00         BRK
d05e  00         BRK
d05f  00         BRK
d060  00         BRK
d061  00         BRK
d062  00         BRK
d063  00         BRK
d064  00         BRK
d065  00         BRK
d066  00         BRK
d067  00         BRK
d068  00         BRK
d069  00         BRK
d06a  00         BRK
d06b  00         BRK
d06c  00         BRK
d06d  00         BRK
d06e  00         BRK
d06f  00         BRK
d070  00         BRK
d071  00         BRK
d072  00         BRK
d073  00         BRK
d074  00         BRK
d075  00         BRK
d076  00         BRK
d077  00         BRK
d078  00         BRK
d079  00         BRK
d07a  00         BRK
d07b  00         BRK
d07c  00         BRK
d07d  00         BRK
d07e  00         BRK
d07f  00         BRK
d080  00         BRK
d081  00         BRK
d082  00         BRK
d083  00         BRK
d084  00         BRK
d085  00         BRK
d086  00         BRK
d087  00         BRK
d088  00         BRK
d089  00         BRK
d08a  00         BRK
d08b  00         BRK
d08c  00         BRK
d08d  00         BRK
d08e  00         BRK
d08f  00         BRK
d090  00         BRK
d091  00         BRK
d092  00         BRK
d093  00         BRK
d094  00         BRK
d095  00         BRK
d096  00         BRK
d097  00         BRK
d098  00         BRK
d099  00         BRK
d09a  00         BRK
d09b  00         BRK
d09c  00         BRK
d09d  00         BRK
d09e  00         BRK
d09f  00         BRK
d0a0  00         BRK
d0a1  00         BRK
d0a2  00         BRK
d0a3  00         BRK
d0a4  00         BRK
d0a5  00         BRK
d0a6  00         BRK
d0a7  00         BRK
d0a8  00         BRK
d0a9  00         BRK
d0aa  00         BRK
d0ab  00         BRK
d0ac  00         BRK
d0ad  00         BRK
d0ae  00         BRK
d0af  00         BRK
d0b0  00         BRK
d0b1  00         BRK
d0b2  00         BRK
d0b3  00         BRK
d0b4  00         BRK
d0b5  00         BRK
d0b6  00         BRK
d0b7  00         BRK
d0b8  00         BRK
d0b9  00         BRK
d0ba  00         BRK
d0bb  00         BRK
d0bc  00         BRK
d0bd  00         BRK
d0be  00         BRK
d0bf  00         BRK
d0c0  00         BRK
d0c1  00         BRK
d0c2  00         BRK
d0c3  00         BRK
d0c4  00         BRK
d0c5  00         BRK
d0c6  00         BRK
d0c7  00         BRK
d0c8  00         BRK
d0c9  00         BRK
d0ca  00         BRK
d0cb  00         BRK
d0cc  00         BRK
d0cd  00         BRK
d0ce  00         BRK
d0cf  00         BRK
d0d0  00         BRK
d0d1  00         BRK
d0d2  00         BRK
d0d3  00         BRK
d0d4  00         BRK
d0d5  00         BRK
d0d6  00         BRK
d0d7  00         BRK
d0d8  00         BRK
d0d9  00         BRK
d0da  00         BRK
d0db  00         BRK
d0dc  00         BRK
d0dd  00         BRK
d0de  00         BRK
d0df  00         BRK
d0e0  00         BRK
d0e1  00         BRK
d0e2  00         BRK
d0e3  00         BRK
d0e4  00         BRK
d0e5  00         BRK
d0e6  00         BRK
d0e7  00         BRK
d0e8  00         BRK
d0e9  00         BRK
d0ea  00         BRK
d0eb  00         BRK
d0ec  00         BRK
d0ed  00         BRK
d0ee  00         BRK
d0ef  00         BRK
d0f0  00         BRK
d0f1  00         BRK
d0f2  00         BRK
d0f3  00         BRK
d0f4  00         BRK
d0f5  00         BRK
d0f6  00         BRK
d0f7  00         BRK
d0f8  00         BRK
d0f9  00         BRK
d0fa  00         BRK
d0fb  00         BRK
d0fc  00         BRK
d0fd  00         BRK
d0fe  00         BRK
d0ff  00         BRK
d100  00         BRK
d101  00         BRK
d102  00         BRK
d103  00         BRK
d104  00         BRK
d105  00         BRK
d106  00         BRK
d107  00         BRK
d108  00         BRK
d109  00         BRK
d10a  00         BRK
d10b  00         BRK
d10c  00         BRK
d10d  00         BRK
d10e  00         BRK
d10f  00         BRK
d110  00         BRK
d111  00         BRK
d112  00         BRK
d113  00         BRK
d114  00         BRK
d115  00         BRK
d116  00         BRK
d117  00         BRK
d118  00         BRK
d119  00         BRK
d11a  00         BRK
d11b  00         BRK
d11c  00         BRK
d11d  00         BRK
d11e  00         BRK
d11f  00         BRK
d120  00         BRK
d121  00         BRK
d122  00         BRK
d123  00         BRK
d124  00         BRK
d125  00         BRK
d126  00         BRK
d127  00         BRK
d128  00         BRK
d129  00         BRK
d12a  00         BRK
d12b  00         BRK
d12c  00         BRK
d12d  00         BRK
d12e  00         BRK
d12f  00         BRK
d130  00         BRK
d131  00         BRK
d132  00         BRK
d133  00         BRK
d134  00         BRK
d135  00         BRK
d136  00         BRK
d137  00         BRK
d138  00         BRK
d139  00         BRK
d13a  00         BRK
d13b  00         BRK
d13c  00         BRK
d13d  00         BRK
d13e  00         BRK
d13f  00         BRK
d140  00         BRK
d141  00         BRK
d142  00         BRK
d143  00         BRK
d144  00         BRK
d145  00         BRK
d146  00         BRK
d147  00         BRK
d148  00         BRK
d149  00         BRK
d14a  00         BRK
d14b  00         BRK
d14c  00         BRK
d14d  00         BRK
d14e  00         BRK
d14f  00         BRK
d150  00         BRK
d151  00         BRK
d152  00         BRK
d153  00         BRK
d154  00         BRK
d155  00         BRK
d156  00         BRK
d157  00         BRK
d158  00         BRK
d159  00         BRK
d15a  00         BRK
d15b  00         BRK
d15c  00         BRK
d15d  00         BRK
d15e  00         BRK
d15f  00         BRK
d160  00         BRK
d161  00         BRK
d162  00         BRK
d163  00         BRK
d164  00         BRK
d165  00         BRK
d166  00         BRK
d167  00         BRK
d168  00         BRK
d169  00         BRK
d16a  00         BRK
d16b  00         BRK
d16c  00         BRK
d16d  00         BRK
d16e  00         BRK
d16f  00         BRK
d170  00         BRK
d171  00         BRK
d172  00         BRK
d173  00         BRK
d174  00         BRK
d175  00         BRK
d176  00         BRK
d177  00         BRK
d178  00         BRK
d179  00         BRK
d17a  00         BRK
d17b  00         BRK
d17c  00         BRK
d17d  00         BRK
d17e  00         BRK
d17f  00         BRK
d180  00         BRK
d181  00         BRK
d182  00         BRK
d183  00         BRK
d184  00         BRK
d185  00         BRK
d186  00         BRK
d187  00         BRK
d188  00         BRK
d189  00         BRK
d18a  00         BRK
d18b  00         BRK
d18c  00         BRK
d18d  00         BRK
d18e  00         BRK
d18f  00         BRK
d190  00         BRK
d191  00         BRK
d192  00         BRK
d193  00         BRK
d194  00         BRK
d195  00         BRK
d196  00         BRK
d197  00         BRK
d198  00         BRK
d199  00         BRK
d19a  00         BRK
d19b  00         BRK
d19c  00         BRK
d19d  00         BRK
d19e  00         BRK
d19f  00         BRK
d1a0  00         BRK
d1a1  00         BRK
d1a2  00         BRK
d1a3  00         BRK
d1a4  00         BRK
d1a5  00         BRK
d1a6  00         BRK
d1a7  00         BRK
d1a8  00         BRK
d1a9  00         BRK
d1aa  00         BRK
d1ab  00         BRK
d1ac  00         BRK
d1ad  00         BRK
d1ae  00         BRK
d1af  00         BRK
d1b0  00         BRK
d1b1  00         BRK
d1b2  00         BRK
d1b3  00         BRK
d1b4  00         BRK
d1b5  00         BRK
d1b6  00         BRK
d1b7  00         BRK
d1b8  00         BRK
d1b9  00         BRK
d1ba  00         BRK
d1bb  00         BRK
d1bc  00         BRK
d1bd  00         BRK
d1be  00         BRK
d1bf  00         BRK
d1c0  00         BRK
d1c1  00         BRK
d1c2  00         BRK
d1c3  00         BRK
d1c4  00         BRK
d1c5  00         BRK
d1c6  00         BRK
d1c7  00         BRK
d1c8  00         BRK
d1c9  00         BRK
d1ca  00         BRK
d1cb  00         BRK
d1cc  00         BRK
d1cd  00         BRK
d1ce  00         BRK
d1cf  00         BRK
d1d0  00         BRK
d1d1  00         BRK
d1d2  00         BRK
d1d3  00         BRK
d1d4  00         BRK
d1d5  00         BRK
d1d6  00         BRK
d1d7  00         BRK
d1d8  00         BRK
d1d9  00         BRK
d1da  00         BRK
d1db  00         BRK
d1dc  00         BRK
d1dd  00         BRK
d1de  00         BRK
d1df  00         BRK
d1e0  00         BRK
d1e1  00         BRK
d1e2  00         BRK
d1e3  00         BRK
d1e4  00         BRK
d1e5  00         BRK
d1e6  00         BRK
d1e7  00         BRK
d1e8  00         BRK
d1e9  00         BRK
d1ea  00         BRK
d1eb  00         BRK
d1ec  00         BRK
d1ed  00         BRK
d1ee  00         BRK
d1ef  00         BRK
d1f0  00         BRK
d1f1  00         BRK
d1f2  00         BRK
d1f3  00         BRK
d1f4  00         BRK
d1f5  00         BRK
d1f6  00         BRK
d1f7  00         BRK
d1f8  00         BRK
d1f9  00         BRK
d1fa  00         BRK
d1fb  00         BRK
d1fc  00         BRK
d1fd  00         BRK
d1fe  00         BRK
d1ff  00         BRK
d200  00         BRK
d201  00         BRK
d202  00         BRK
d203  00         BRK
d204  00         BRK
d205  00         BRK
d206  00         BRK
d207  00         BRK
d208  00         BRK
d209  00         BRK
d20a  00         BRK
d20b  00         BRK
d20c  00         BRK
d20d  00         BRK
d20e  00         BRK
d20f  00         BRK
d210  00         BRK
d211  00         BRK
d212  00         BRK
d213  00         BRK
d214  00         BRK
d215  00         BRK
d216  00         BRK
d217  00         BRK
d218  00         BRK
d219  00         BRK
d21a  00         BRK
d21b  00         BRK
d21c  00         BRK
d21d  00         BRK
d21e  00         BRK
d21f  00         BRK
d220  00         BRK
d221  00         BRK
d222  00         BRK
d223  00         BRK
d224  00         BRK
d225  00         BRK
d226  00         BRK
d227  00         BRK
d228  00         BRK
d229  00         BRK
d22a  00         BRK
d22b  00         BRK
d22c  00         BRK
d22d  00         BRK
d22e  00         BRK
d22f  00         BRK
d230  00         BRK
d231  00         BRK
d232  00         BRK
d233  00         BRK
d234  00         BRK
d235  00         BRK
d236  00         BRK
d237  00         BRK
d238  00         BRK
d239  00         BRK
d23a  00         BRK
d23b  00         BRK
d23c  00         BRK
d23d  00         BRK
d23e  00         BRK
d23f  00         BRK
d240  00         BRK
d241  00         BRK
d242  00         BRK
d243  00         BRK
d244  00         BRK
d245  00         BRK
d246  00         BRK
d247  00         BRK
d248  00         BRK
d249  00         BRK
d24a  00         BRK
d24b  00         BRK
d24c  00         BRK
d24d  00         BRK
d24e  00         BRK
d24f  00         BRK
d250  00         BRK
d251  00         BRK
d252  00         BRK
d253  00         BRK
d254  00         BRK
d255  00         BRK
d256  00         BRK
d257  00         BRK
d258  00         BRK
d259  00         BRK
d25a  00         BRK
d25b  00         BRK
d25c  00         BRK
d25d  00         BRK
d25e  00         BRK
d25f  00         BRK
d260  00         BRK
d261  00         BRK
d262  00         BRK
d263  00         BRK
d264  00         BRK
d265  00         BRK
d266  00         BRK
d267  00         BRK
d268  00         BRK
d269  00         BRK
d26a  00         BRK
d26b  00         BRK
d26c  00         BRK
d26d  00         BRK
d26e  00         BRK
d26f  00         BRK
d270  00         BRK
d271  00         BRK
d272  00         BRK
d273  00         BRK
d274  00         BRK
d275  00         BRK
d276  00         BRK
d277  00         BRK
d278  00         BRK
d279  00         BRK
d27a  00         BRK
d27b  00         BRK
d27c  00         BRK
d27d  00         BRK
d27e  00         BRK
d27f  00         BRK
d280  00         BRK
d281  00         BRK
d282  00         BRK
d283  00         BRK
d284  00         BRK
d285  00         BRK
d286  00         BRK
d287  00         BRK
d288  00         BRK
d289  00         BRK
d28a  00         BRK
d28b  00         BRK
d28c  00         BRK
d28d  00         BRK
d28e  00         BRK
d28f  00         BRK
d290  00         BRK
d291  00         BRK
d292  00         BRK
d293  00         BRK
d294  00         BRK
d295  00         BRK
d296  00         BRK
d297  00         BRK
d298  00         BRK
d299  00         BRK
d29a  00         BRK
d29b  00         BRK
d29c  00         BRK
d29d  00         BRK
d29e  00         BRK
d29f  00         BRK
d2a0  00         BRK
d2a1  00         BRK
d2a2  00         BRK
d2a3  00         BRK
d2a4  00         BRK
d2a5  00         BRK
d2a6  00         BRK
d2a7  00         BRK
d2a8  00         BRK
d2a9  00         BRK
d2aa  00         BRK
d2ab  00         BRK
d2ac  00         BRK
d2ad  00         BRK
d2ae  00         BRK
d2af  00         BRK
d2b0  00         BRK
d2b1  00         BRK
d2b2  00         BRK
d2b3  00         BRK
d2b4  00         BRK
d2b5  00         BRK
d2b6  00         BRK
d2b7  00         BRK
d2b8  00         BRK
d2b9  00         BRK
d2ba  00         BRK
d2bb  00         BRK
d2bc  00         BRK
d2bd  00         BRK
d2be  00         BRK
d2bf  00         BRK
d2c0  00         BRK
d2c1  00         BRK
d2c2  00         BRK
d2c3  00         BRK
d2c4  00         BRK
d2c5  00         BRK
d2c6  00         BRK
d2c7  00         BRK
d2c8  00         BRK
d2c9  00         BRK
d2ca  00         BRK
d2cb  00         BRK
d2cc  00         BRK
d2cd  00         BRK
d2ce  00         BRK
d2cf  00         BRK
d2d0  00         BRK
d2d1  00         BRK
d2d2  00         BRK
d2d3  00         BRK
d2d4  00         BRK
d2d5  00         BRK
d2d6  00         BRK
d2d7  00         BRK
d2d8  00         BRK
d2d9  00         BRK
d2da  00         BRK
d2db  00         BRK
d2dc  00         BRK
d2dd  00         BRK
d2de  00         BRK
d2df  00         BRK
d2e0  00         BRK
d2e1  00         BRK
d2e2  00         BRK
d2e3  00         BRK
d2e4  00         BRK
d2e5  00         BRK
d2e6  00         BRK
d2e7  00         BRK
d2e8  00         BRK
d2e9  00         BRK
d2ea  00         BRK
d2eb  00         BRK
d2ec  00         BRK
d2ed  00         BRK
d2ee  00         BRK
d2ef  00         BRK
d2f0  00         BRK
d2f1  00         BRK
d2f2  00         BRK
d2f3  00         BRK
d2f4  00         BRK
d2f5  00         BRK
d2f6  00         BRK
d2f7  00         BRK
d2f8  00         BRK
d2f9  00         BRK
d2fa  00         BRK
d2fb  00         BRK
d2fc  00         BRK
d2fd  00         BRK
d2fe  00         BRK
d2ff  00         BRK
d300  00         BRK
d301  00         BRK
d302  00         BRK
d303  00         BRK
d304  00         BRK
d305  00         BRK
d306  00         BRK
d307  00         BRK
d308  00         BRK
d309  00         BRK
d30a  00         BRK
d30b  00         BRK
d30c  00         BRK
d30d  00         BRK
d30e  00         BRK
d30f  00         BRK
d310  00         BRK
d311  00         BRK
d312  00         BRK
d313  00         BRK
d314  00         BRK
d315  00         BRK
d316  00         BRK
d317  00         BRK
d318  00         BRK
d319  00         BRK
d31a  00         BRK
d31b  00         BRK
d31c  00         BRK
d31d  00         BRK
d31e  00         BRK
d31f  00         BRK
d320  00         BRK
d321  00         BRK
d322  00         BRK
d323  00         BRK
d324  00         BRK
d325  00         BRK
d326  00         BRK
d327  00         BRK
d328  00         BRK
d329  00         BRK
d32a  00         BRK
d32b  00         BRK
d32c  00         BRK
d32d  00         BRK
d32e  00         BRK
d32f  00         BRK
d330  00         BRK
d331  00         BRK
d332  00         BRK
d333  00         BRK
d334  00         BRK
d335  00         BRK
d336  00         BRK
d337  00         BRK
d338  00         BRK
d339  00         BRK
d33a  00         BRK
d33b  00         BRK
d33c  00         BRK
d33d  00         BRK
d33e  00         BRK
d33f  00         BRK
d340  00         BRK
d341  00         BRK
d342  00         BRK
d343  00         BRK
d344  00         BRK
d345  00         BRK
d346  00         BRK
d347  00         BRK
d348  00         BRK
d349  00         BRK
d34a  00         BRK
d34b  00         BRK
d34c  00         BRK
d34d  00         BRK
d34e  00         BRK
d34f  00         BRK
d350  00         BRK
d351  00         BRK
d352  00         BRK
d353  00         BRK
d354  00         BRK
d355  00         BRK
d356  00         BRK
d357  00         BRK
d358  00         BRK
d359  00         BRK
d35a  00         BRK
d35b  00         BRK
d35c  00         BRK
d35d  00         BRK
d35e  00         BRK
d35f  00         BRK
d360  00         BRK
d361  00         BRK
d362  00         BRK
d363  00         BRK
d364  00         BRK
d365  00         BRK
d366  00         BRK
d367  00         BRK
d368  00         BRK
d369  00         BRK
d36a  00         BRK
d36b  00         BRK
d36c  00         BRK
d36d  00         BRK
d36e  00         BRK
d36f  00         BRK
d370  00         BRK
d371  00         BRK
d372  00         BRK
d373  00         BRK
d374  00         BRK
d375  00         BRK
d376  00         BRK
d377  00         BRK
d378  00         BRK
d379  00         BRK
d37a  00         BRK
d37b  00         BRK
d37c  00         BRK
d37d  00         BRK
d37e  00         BRK
d37f  00         BRK
d380  00         BRK
d381  00         BRK
d382  00         BRK
d383  00         BRK
d384  00         BRK
d385  00         BRK
d386  00         BRK
d387  00         BRK
d388  00         BRK
d389  00         BRK
d38a  00         BRK
d38b  00         BRK
d38c  00         BRK
d38d  00         BRK
d38e  00         BRK
d38f  00         BRK
d390  00         BRK
d391  00         BRK
d392  00         BRK
d393  00         BRK
d394  00         BRK
d395  00         BRK
d396  00         BRK
d397  00         BRK
d398  00         BRK
d399  00         BRK
d39a  00         BRK
d39b  00         BRK
d39c  00         BRK
d39d  00         BRK
d39e  00         BRK
d39f  00         BRK
d3a0  00         BRK
d3a1  00         BRK
d3a2  00         BRK
d3a3  00         BRK
d3a4  00         BRK
d3a5  00         BRK
d3a6  00         BRK
d3a7  00         BRK
d3a8  00         BRK
d3a9  00         BRK
d3aa  00         BRK
d3ab  00         BRK
d3ac  00         BRK
d3ad  00         BRK
d3ae  00         BRK
d3af  00         BRK
d3b0  00         BRK
d3b1  00         BRK
d3b2  00         BRK
d3b3  00         BRK
d3b4  00         BRK
d3b5  00         BRK
d3b6  00         BRK
d3b7  00         BRK
d3b8  00         BRK
d3b9  00         BRK
d3ba  00         BRK
d3bb  00         BRK
d3bc  00         BRK
d3bd  00         BRK
d3be  00         BRK
d3bf  00         BRK
d3c0  00         BRK
d3c1  00         BRK
d3c2  00         BRK
d3c3  00         BRK
d3c4  00         BRK
d3c5  00         BRK
d3c6  00         BRK
d3c7  00         BRK
d3c8  00         BRK
d3c9  00         BRK
d3ca  00         BRK
d3cb  00         BRK
d3cc  00         BRK
d3cd  00         BRK
d3ce  00         BRK
d3cf  00         BRK
d3d0  00         BRK
d3d1  00         BRK
d3d2  00         BRK
d3d3  00         BRK
d3d4  00         BRK
d3d5  00         BRK
d3d6  00         BRK
d3d7  00         BRK
d3d8  00         BRK
d3d9  00         BRK
d3da  00         BRK
d3db  00         BRK
d3dc  00         BRK
d3dd  00         BRK
d3de  00         BRK
d3df  00         BRK
d3e0  00         BRK
d3e1  00         BRK
d3e2  00         BRK
d3e3  00         BRK
d3e4  00         BRK
d3e5  00         BRK
d3e6  00         BRK
d3e7  00         BRK
d3e8  00         BRK
d3e9  00         BRK
d3ea  00         BRK
d3eb  00         BRK
d3ec  00         BRK
d3ed  00         BRK
d3ee  00         BRK
d3ef  00         BRK
d3f0  00         BRK
d3f1  00         BRK
d3f2  00         BRK
d3f3  00         BRK
d3f4  00         BRK
d3f5  00         BRK
d3f6  00         BRK
d3f7  00         BRK
d3f8  00         BRK
d3f9  00         BRK
d3fa  00         BRK
d3fb  00         BRK
d3fc  00         BRK
d3fd  00         BRK
d3fe  00         BRK
d3ff  00         BRK
d400  00         BRK
d401  00         BRK
d402  00         BRK
d403  00         BRK
d404  00         BRK
d405  00         BRK
d406  00         BRK
d407  00         BRK
d408  00         BRK
d409  00         BRK
d40a  00         BRK
d40b  00         BRK
d40c  00         BRK
d40d  00         BRK
d40e  00         BRK
d40f  00         BRK
d410  00         BRK
d411  00         BRK
d412  00         BRK
d413  00         BRK
d414  00         BRK
d415  00         BRK
d416  00         BRK
d417  00         BRK
d418  00         BRK
d419  00         BRK
d41a  00         BRK
d41b  00         BRK
d41c  00         BRK
d41d  00         BRK
d41e  00         BRK
d41f  00         BRK
d420  00         BRK
d421  00         BRK
d422  00         BRK
d423  00         BRK
d424  00         BRK
d425  00         BRK
d426  00         BRK
d427  00         BRK
d428  00         BRK
d429  00         BRK
d42a  00         BRK
d42b  00         BRK
d42c  00         BRK
d42d  00         BRK
d42e  00         BRK
d42f  00         BRK
d430  00         BRK
d431  00         BRK
d432  00         BRK
d433  00         BRK
d434  00         BRK
d435  00         BRK
d436  00         BRK
d437  00         BRK
d438  00         BRK
d439  00         BRK
d43a  00         BRK
d43b  00         BRK
d43c  00         BRK
d43d  00         BRK
d43e  00         BRK
d43f  00         BRK
d440  00         BRK
d441  00         BRK
d442  00         BRK
d443  00         BRK
d444  00         BRK
d445  00         BRK
d446  00         BRK
d447  00         BRK
d448  00         BRK
d449  00         BRK
d44a  00         BRK
d44b  00         BRK
d44c  00         BRK
d44d  00         BRK
d44e  00         BRK
d44f  00         BRK
d450  00         BRK
d451  00         BRK
d452  00         BRK
d453  00         BRK
d454  00         BRK
d455  00         BRK
d456  00         BRK
d457  00         BRK
d458  00         BRK
d459  00         BRK
d45a  00         BRK
d45b  00         BRK
d45c  00         BRK
d45d  00         BRK
d45e  00         BRK
d45f  00         BRK
d460  00         BRK
d461  00         BRK
d462  00         BRK
d463  00         BRK
d464  00         BRK
d465  00         BRK
d466  00         BRK
d467  00         BRK
d468  00         BRK
d469  00         BRK
d46a  00         BRK
d46b  00         BRK
d46c  00         BRK
d46d  00         BRK
d46e  00         BRK
d46f  00         BRK
d470  00         BRK
d471  00         BRK
d472  00         BRK
d473  00         BRK
d474  00         BRK
d475  00         BRK
d476  00         BRK
d477  00         BRK
d478  00         BRK
d479  00         BRK
d47a  00         BRK
d47b  00         BRK
d47c  00         BRK
d47d  00         BRK
d47e  00         BRK
d47f  00         BRK
d480  00         BRK
d481  00         BRK
d482  00         BRK
d483  00         BRK
d484  00         BRK
d485  00         BRK
d486  00         BRK
d487  00         BRK
d488  00         BRK
d489  00         BRK
d48a  00         BRK
d48b  00         BRK
d48c  00         BRK
d48d  00         BRK
d48e  00         BRK
d48f  00         BRK
d490  00         BRK
d491  00         BRK
d492  00         BRK
d493  00         BRK
d494  00         BRK
d495  00         BRK
d496  00         BRK
d497  00         BRK
d498  00         BRK
d499  00         BRK
d49a  00         BRK
d49b  00         BRK
d49c  00         BRK
d49d  00         BRK
d49e  00         BRK
d49f  00         BRK
d4a0  00         BRK
d4a1  00         BRK
d4a2  00         BRK
d4a3  00         BRK
d4a4  00         BRK
d4a5  00         BRK
d4a6  00         BRK
d4a7  00         BRK
d4a8  00         BRK
d4a9  00         BRK
d4aa  00         BRK
d4ab  00         BRK
d4ac  00         BRK
d4ad  00         BRK
d4ae  00         BRK
d4af  00         BRK
d4b0  00         BRK
d4b1  00         BRK
d4b2  00         BRK
d4b3  00         BRK
d4b4  00         BRK
d4b5  00         BRK
d4b6  00         BRK
d4b7  00         BRK
d4b8  00         BRK
d4b9  00         BRK
d4ba  00         BRK
d4bb  00         BRK
d4bc  00         BRK
d4bd  00         BRK
d4be  00         BRK
d4bf  00         BRK
d4c0  00         BRK
d4c1  00         BRK
d4c2  00         BRK
d4c3  00         BRK
d4c4  00         BRK
d4c5  00         BRK
d4c6  00         BRK
d4c7  00         BRK
d4c8  00         BRK
d4c9  00         BRK
d4ca  00         BRK
d4cb  00         BRK
d4cc  00         BRK
d4cd  00         BRK
d4ce  00         BRK
d4cf  00         BRK
d4d0  00         BRK
d4d1  00         BRK
d4d2  00         BRK
d4d3  00         BRK
d4d4  00         BRK
d4d5  00         BRK
d4d6  00         BRK
d4d7  00         BRK
d4d8  00         BRK
d4d9  00         BRK
d4da  00         BRK
d4db  00         BRK
d4dc  00         BRK
d4dd  00         BRK
d4de  00         BRK
d4df  00         BRK
d4e0  00         BRK
d4e1  00         BRK
d4e2  00         BRK
d4e3  00         BRK
d4e4  00         BRK
d4e5  00         BRK
d4e6  00         BRK
d4e7  00         BRK
d4e8  00         BRK
d4e9  00         BRK
d4ea  00         BRK
d4eb  00         BRK
d4ec  00         BRK
d4ed  00         BRK
d4ee  00         BRK
d4ef  00         BRK
d4f0  00         BRK
d4f1  00         BRK
d4f2  00         BRK
d4f3  00         BRK
d4f4  00         BRK
d4f5  00         BRK
d4f6  00         BRK
d4f7  00         BRK
d4f8  00         BRK
d4f9  00         BRK
d4fa  00         BRK
d4fb  00         BRK
d4fc  00         BRK
d4fd  00         BRK
d4fe  00         BRK
d4ff  00         BRK
d500  00         BRK
d501  00         BRK
d502  00         BRK
d503  00         BRK
d504  00         BRK
d505  00         BRK
d506  00         BRK
d507  00         BRK
d508  00         BRK
d509  00         BRK
d50a  00         BRK
d50b  00         BRK
d50c  00         BRK
d50d  00         BRK
d50e  00         BRK
d50f  00         BRK
d510  00         BRK
d511  00         BRK
d512  00         BRK
d513  00         BRK
d514  00         BRK
d515  00         BRK
d516  00         BRK
d517  00         BRK
d518  00         BRK
d519  00         BRK
d51a  00         BRK
d51b  00         BRK
d51c  00         BRK
d51d  00         BRK
d51e  00         BRK
d51f  00         BRK
d520  00         BRK
d521  00         BRK
d522  00         BRK
d523  00         BRK
d524  00         BRK
d525  00         BRK
d526  00         BRK
d527  00         BRK
d528  00         BRK
d529  00         BRK
d52a  00         BRK
d52b  00         BRK
d52c  00         BRK
d52d  00         BRK
d52e  00         BRK
d52f  00         BRK
d530  00         BRK
d531  00         BRK
d532  00         BRK
d533  00         BRK
d534  00         BRK
d535  00         BRK
d536  00         BRK
d537  00         BRK
d538  00         BRK
d539  00         BRK
d53a  00         BRK
d53b  00         BRK
d53c  00         BRK
d53d  00         BRK
d53e  00         BRK
d53f  00         BRK
d540  00         BRK
d541  00         BRK
d542  00         BRK
d543  00         BRK
d544  00         BRK
d545  00         BRK
d546  00         BRK
d547  00         BRK
d548  00         BRK
d549  00         BRK
d54a  00         BRK
d54b  00         BRK
d54c  00         BRK
d54d  00         BRK
d54e  00         BRK
d54f  00         BRK
d550  00         BRK
d551  00         BRK
d552  00         BRK
d553  00         BRK
d554  00         BRK
d555  00         BRK
d556  00         BRK
d557  00         BRK
d558  00         BRK
d559  00         BRK
d55a  00         BRK
d55b  00         BRK
d55c  00         BRK
d55d  00         BRK
d55e  00         BRK
d55f  00         BRK
d560  00         BRK
d561  00         BRK
d562  00         BRK
d563  00         BRK
d564  00         BRK
d565  00         BRK
d566  00         BRK
d567  00         BRK
d568  00         BRK
d569  00         BRK
d56a  00         BRK
d56b  00         BRK
d56c  00         BRK
d56d  00         BRK
d56e  00         BRK
d56f  00         BRK
d570  00         BRK
d571  00         BRK
d572  00         BRK
d573  00         BRK
d574  00         BRK
d575  00         BRK
d576  00         BRK
d577  00         BRK
d578  00         BRK
d579  00         BRK
d57a  00         BRK
d57b  00         BRK
d57c  00         BRK
d57d  00         BRK
d57e  00         BRK
d57f  00         BRK
d580  00         BRK
d581  00         BRK
d582  00         BRK
d583  00         BRK
d584  00         BRK
d585  00         BRK
d586  00         BRK
d587  00         BRK
d588  00         BRK
d589  00         BRK
d58a  00         BRK
d58b  00         BRK
d58c  00         BRK
d58d  00         BRK
d58e  00         BRK
d58f  00         BRK
d590  00         BRK
d591  00         BRK
d592  00         BRK
d593  00         BRK
d594  00         BRK
d595  00         BRK
d596  00         BRK
d597  00         BRK
d598  00         BRK
d599  00         BRK
d59a  00         BRK
d59b  00         BRK
d59c  00         BRK
d59d  00         BRK
d59e  00         BRK
d59f  00         BRK
d5a0  00         BRK
d5a1  00         BRK
d5a2  00         BRK
d5a3  00         BRK
d5a4  00         BRK
d5a5  00         BRK
d5a6  00         BRK
d5a7  00         BRK
d5a8  00         BRK
d5a9  00         BRK
d5aa  00         BRK
d5ab  00         BRK
d5ac  00         BRK
d5ad  00         BRK
d5ae  00         BRK
d5af  00         BRK
d5b0  00         BRK
d5b1  00         BRK
d5b2  00         BRK
d5b3  00         BRK
d5b4  00         BRK
d5b5  00         BRK
d5b6  00         BRK
d5b7  00         BRK
d5b8  00         BRK
d5b9  00         BRK
d5ba  00         BRK
d5bb  00         BRK
d5bc  00         BRK
d5bd  00         BRK
d5be  00         BRK
d5bf  00         BRK
d5c0  00         BRK
d5c1  00         BRK
d5c2  00         BRK
d5c3  00         BRK
d5c4  00         BRK
d5c5  00         BRK
d5c6  00         BRK
d5c7  00         BRK
d5c8  00         BRK
d5c9  00         BRK
d5ca  00         BRK
d5cb  00         BRK
d5cc  00         BRK
d5cd  00         BRK
d5ce  00         BRK
d5cf  00         BRK
d5d0  00         BRK
d5d1  00         BRK
d5d2  00         BRK
d5d3  00         BRK
d5d4  00         BRK
d5d5  00         BRK
d5d6  00         BRK
d5d7  00         BRK
d5d8  00         BRK
d5d9  00         BRK
d5da  00         BRK
d5db  00         BRK
d5dc  00         BRK
d5dd  00         BRK
d5de  00         BRK
d5df  00         BRK
d5e0  00         BRK
d5e1  00         BRK
d5e2  00         BRK
d5e3  00         BRK
d5e4  00         BRK
d5e5  00         BRK
d5e6  00         BRK
d5e7  00         BRK
d5e8  00         BRK
d5e9  00         BRK
d5ea  00         BRK
d5eb  00         BRK
d5ec  00         BRK
d5ed  00         BRK
d5ee  00         BRK
d5ef  00         BRK
d5f0  00         BRK
d5f1  00         BRK
d5f2  00         BRK
d5f3  00         BRK
d5f4  00         BRK
d5f5  00         BRK
d5f6  00         BRK
d5f7  00         BRK
d5f8  00         BRK
d5f9  00         BRK
d5fa  00         BRK
d5fb  00         BRK
d5fc  00         BRK
d5fd  00         BRK
d5fe  00         BRK
d5ff  00         BRK
d600  00         BRK
d601  00         BRK
d602  00         BRK
d603  00         BRK
d604  00         BRK
d605  00         BRK
d606  00         BRK
d607  00         BRK
d608  00         BRK
d609  00         BRK
d60a  00         BRK
d60b  00         BRK
d60c  00         BRK
d60d  00         BRK
d60e  00         BRK
d60f  00         BRK
d610  00         BRK
d611  00         BRK
d612  00         BRK
d613  00         BRK
d614  00         BRK
d615  00         BRK
d616  00         BRK
d617  00         BRK
d618  00         BRK
d619  00         BRK
d61a  00         BRK
d61b  00         BRK
d61c  00         BRK
d61d  00         BRK
d61e  00         BRK
d61f  00         BRK
d620  00         BRK
d621  00         BRK
d622  00         BRK
d623  00         BRK
d624  00         BRK
d625  00         BRK
d626  00         BRK
d627  00         BRK
d628  00         BRK
d629  00         BRK
d62a  00         BRK
d62b  00         BRK
d62c  00         BRK
d62d  00         BRK
d62e  00         BRK
d62f  00         BRK
d630  00         BRK
d631  00         BRK
d632  00         BRK
d633  00         BRK
d634  00         BRK
d635  00         BRK
d636  00         BRK
d637  00         BRK
d638  00         BRK
d639  00         BRK
d63a  00         BRK
d63b  00         BRK
d63c  00         BRK
d63d  00         BRK
d63e  00         BRK
d63f  00         BRK
d640  00         BRK
d641  00         BRK
d642  00         BRK
d643  00         BRK
d644  00         BRK
d645  00         BRK
d646  00         BRK
d647  00         BRK
d648  00         BRK
d649  00         BRK
d64a  00         BRK
d64b  00         BRK
d64c  00         BRK
d64d  00         BRK
d64e  00         BRK
d64f  00         BRK
d650  00         BRK
d651  00         BRK
d652  00         BRK
d653  00         BRK
d654  00         BRK
d655  00         BRK
d656  00         BRK
d657  00         BRK
d658  00         BRK
d659  00         BRK
d65a  00         BRK
d65b  00         BRK
d65c  00         BRK
d65d  00         BRK
d65e  00         BRK
d65f  00         BRK
d660  00         BRK
d661  00         BRK
d662  00         BRK
d663  00         BRK
d664  00         BRK
d665  00         BRK
d666  00         BRK
d667  00         BRK
d668  00         BRK
d669  00         BRK
d66a  00         BRK
d66b  00         BRK
d66c  00         BRK
d66d  00         BRK
d66e  00         BRK
d66f  00         BRK
d670  00         BRK
d671  00         BRK
d672  00         BRK
d673  00         BRK
d674  00         BRK
d675  00         BRK
d676  00         BRK
d677  00         BRK
d678  00         BRK
d679  00         BRK
d67a  00         BRK
d67b  00         BRK
d67c  00         BRK
d67d  00         BRK
d67e  00         BRK
d67f  00         BRK
d680  00         BRK
d681  00         BRK
d682  00         BRK
d683  00         BRK
d684  00         BRK
d685  00         BRK
d686  00         BRK
d687  00         BRK
d688  00         BRK
d689  00         BRK
d68a  00         BRK
d68b  00         BRK
d68c  00         BRK
d68d  00         BRK
d68e  00         BRK
d68f  00         BRK
d690  00         BRK
d691  00         BRK
d692  00         BRK
d693  00         BRK
d694  00         BRK
d695  00         BRK
d696  00         BRK
d697  00         BRK
d698  00         BRK
d699  00         BRK
d69a  00         BRK
d69b  00         BRK
d69c  00         BRK
d69d  00         BRK
d69e  00         BRK
d69f  00         BRK
d6a0  00         BRK
d6a1  00         BRK
d6a2  00         BRK
d6a3  00         BRK
d6a4  00         BRK
d6a5  00         BRK
d6a6  00         BRK
d6a7  00         BRK
d6a8  00         BRK
d6a9  00         BRK
d6aa  00         BRK
d6ab  00         BRK
d6ac  00         BRK
d6ad  00         BRK
d6ae  00         BRK
d6af  00         BRK
d6b0  00         BRK
d6b1  00         BRK
d6b2  00         BRK
d6b3  00         BRK
d6b4  00         BRK
d6b5  00         BRK
d6b6  00         BRK
d6b7  00         BRK
d6b8  00         BRK
d6b9  00         BRK
d6ba  00         BRK
d6bb  00         BRK
d6bc  00         BRK
d6bd  00         BRK
d6be  00         BRK
d6bf  00         BRK
d6c0  00         BRK
d6c1  00         BRK
d6c2  00         BRK
d6c3  00         BRK
d6c4  00         BRK
d6c5  00         BRK
d6c6  00         BRK
d6c7  00         BRK
d6c8  00         BRK
d6c9  00         BRK
d6ca  00         BRK
d6cb  00         BRK
d6cc  00         BRK
d6cd  00         BRK
d6ce  00         BRK
d6cf  00         BRK
d6d0  00         BRK
d6d1  00         BRK
d6d2  00         BRK
d6d3  00         BRK
d6d4  00         BRK
d6d5  00         BRK
d6d6  00         BRK
d6d7  00         BRK
d6d8  00         BRK
d6d9  00         BRK
d6da  00         BRK
d6db  00         BRK
d6dc  00         BRK
d6dd  00         BRK
d6de  00         BRK
d6df  00         BRK
d6e0  00         BRK
d6e1  00         BRK
d6e2  00         BRK
d6e3  00         BRK
d6e4  00         BRK
d6e5  00         BRK
d6e6  00         BRK
d6e7  00         BRK
d6e8  00         BRK
d6e9  00         BRK
d6ea  00         BRK
d6eb  00         BRK
d6ec  00         BRK
d6ed  00         BRK
d6ee  00         BRK
d6ef  00         BRK
d6f0  00         BRK
d6f1  00         BRK
d6f2  00         BRK
d6f3  00         BRK
d6f4  00         BRK
d6f5  00         BRK
d6f6  00         BRK
d6f7  00         BRK
d6f8  00         BRK
d6f9  00         BRK
d6fa  00         BRK
d6fb  00         BRK
d6fc  00         BRK
d6fd  00         BRK
d6fe  00         BRK
d6ff  00         BRK
d700  00         BRK
d701  00         BRK
d702  00         BRK
d703  00         BRK
d704  00         BRK
d705  00         BRK
d706  00         BRK
d707  00         BRK
d708  00         BRK
d709  00         BRK
d70a  00         BRK
d70b  00         BRK
d70c  00         BRK
d70d  00         BRK
d70e  00         BRK
d70f  00         BRK
d710  00         BRK
d711  00         BRK
d712  00         BRK
d713  00         BRK
d714  00         BRK
d715  00         BRK
d716  00         BRK
d717  00         BRK
d718  00         BRK
d719  00         BRK
d71a  00         BRK
d71b  00         BRK
d71c  00         BRK
d71d  00         BRK
d71e  00         BRK
d71f  00         BRK
d720  00         BRK
d721  00         BRK
d722  00         BRK
d723  00         BRK
d724  00         BRK
d725  00         BRK
d726  00         BRK
d727  00         BRK
d728  00         BRK
d729  00         BRK
d72a  00         BRK
d72b  00         BRK
d72c  00         BRK
d72d  00         BRK
d72e  00         BRK
d72f  00         BRK
d730  00         BRK
d731  00         BRK
d732  00         BRK
d733  00         BRK
d734  00         BRK
d735  00         BRK
d736  00         BRK
d737  00         BRK
d738  00         BRK
d739  00         BRK
d73a  00         BRK
d73b  00         BRK
d73c  00         BRK
d73d  00         BRK
d73e  00         BRK
d73f  00         BRK
d740  00         BRK
d741  00         BRK
d742  00         BRK
d743  00         BRK
d744  00         BRK
d745  00         BRK
d746  00         BRK
d747  00         BRK
d748  00         BRK
d749  00         BRK
d74a  00         BRK
d74b  00         BRK
d74c  00         BRK
d74d  00         BRK
d74e  00         BRK
d74f  00         BRK
d750  00         BRK
d751  00         BRK
d752  00         BRK
d753  00         BRK
d754  00         BRK
d755  00         BRK
d756  00         BRK
d757  00         BRK
d758  00         BRK
d759  00         BRK
d75a  00         BRK
d75b  00         BRK
d75c  00         BRK
d75d  00         BRK
d75e  00         BRK
d75f  00         BRK
d760  00         BRK
d761  00         BRK
d762  00         BRK
d763  00         BRK
d764  00         BRK
d765  00         BRK
d766  00         BRK
d767  00         BRK
d768  00         BRK
d769  00         BRK
d76a  00         BRK
d76b  00         BRK
d76c  00         BRK
d76d  00         BRK
d76e  00         BRK
d76f  00         BRK
d770  00         BRK
d771  00         BRK
d772  00         BRK
d773  00         BRK
d774  00         BRK
d775  00         BRK
d776  00         BRK
d777  00         BRK
d778  00         BRK
d779  00         BRK
d77a  00         BRK
d77b  00         BRK
d77c  00         BRK
d77d  00         BRK
d77e  00         BRK
d77f  00         BRK
d780  00         BRK
d781  00         BRK
d782  00         BRK
d783  00         BRK
d784  00         BRK
d785  00         BRK
d786  00         BRK
d787  00         BRK
d788  00         BRK
d789  00         BRK
d78a  00         BRK
d78b  00         BRK
d78c  00         BRK
d78d  00         BRK
d78e  00         BRK
d78f  00         BRK
d790  00         BRK
d791  00         BRK
d792  00         BRK
d793  00         BRK
d794  00         BRK
d795  00         BRK
d796  00         BRK
d797  00         BRK
d798  00         BRK
d799  00         BRK
d79a  00         BRK
d79b  00         BRK
d79c  00         BRK
d79d  00         BRK
d79e  00         BRK
d79f  00         BRK
d7a0  00         BRK
d7a1  00         BRK
d7a2  00         BRK
d7a3  00         BRK
d7a4  00         BRK
d7a5  00         BRK
d7a6  00         BRK
d7a7  00         BRK
d7a8  00         BRK
d7a9  00         BRK
d7aa  00         BRK
d7ab  00         BRK
d7ac  00         BRK
d7ad  00         BRK
d7ae  00         BRK
d7af  00         BRK
d7b0  00         BRK
d7b1  00         BRK
d7b2  00         BRK
d7b3  00         BRK
d7b4  00         BRK
d7b5  00         BRK
d7b6  00         BRK
d7b7  00         BRK
d7b8  00         BRK
d7b9  00         BRK
d7ba  00         BRK
d7bb  00         BRK
d7bc  00         BRK
d7bd  00         BRK
d7be  00         BRK
d7bf  00         BRK
d7c0  00         BRK
d7c1  00         BRK
d7c2  00         BRK
d7c3  00         BRK
d7c4  00         BRK
d7c5  00         BRK
d7c6  00         BRK
d7c7  00         BRK
d7c8  00         BRK
d7c9  00         BRK
d7ca  00         BRK
d7cb  00         BRK
d7cc  00         BRK
d7cd  00         BRK
d7ce  00         BRK
d7cf  00         BRK
d7d0  00         BRK
d7d1  00         BRK
d7d2  00         BRK
d7d3  00         BRK
d7d4  00         BRK
d7d5  00         BRK
d7d6  00         BRK
d7d7  00         BRK
d7d8  00         BRK
d7d9  00         BRK
d7da  00         BRK
d7db  00         BRK
d7dc  00         BRK
d7dd  00         BRK
d7de  00         BRK
d7df  00         BRK
d7e0  00         BRK
d7e1  00         BRK
d7e2  00         BRK
d7e3  00         BRK
d7e4  00         BRK
d7e5  00         BRK
d7e6  00         BRK
d7e7  00         BRK
d7e8  00         BRK
d7e9  00         BRK
d7ea  00         BRK
d7eb  00         BRK
d7ec  00         BRK
d7ed  00         BRK
d7ee  00         BRK
d7ef  00         BRK
d7f0  00         BRK
d7f1  00         BRK
d7f2  00         BRK
d7f3  00         BRK
d7f4  00         BRK
d7f5  00         BRK
d7f6  00         BRK
d7f7  00         BRK
d7f8  00         BRK
d7f9  00         BRK
d7fa  00         BRK
d7fb  00         BRK
d7fc  00         BRK
d7fd  00         BRK
d7fe  00         BRK
d7ff  00         BRK
d800  00         BRK
d801  00         BRK
d802  00         BRK
d803  00         BRK
d804  00         BRK
d805  00         BRK
d806  00         BRK
d807  00         BRK
d808  00         BRK
d809  00         BRK
d80a  00         BRK
d80b  00         BRK
d80c  00         BRK
d80d  00         BRK
d80e  00         BRK
d80f  00         BRK
d810  00         BRK
d811  00         BRK
d812  00         BRK
d813  00         BRK
d814  00         BRK
d815  00         BRK
d816  00         BRK
d817  00         BRK
d818  00         BRK
d819  00         BRK
d81a  00         BRK
d81b  00         BRK
d81c  00         BRK
d81d  00         BRK
d81e  00         BRK
d81f  00         BRK
d820  00         BRK
d821  00         BRK
d822  00         BRK
d823  00         BRK
d824  00         BRK
d825  00         BRK
d826  00         BRK
d827  00         BRK
d828  00         BRK
d829  00         BRK
d82a  00         BRK
d82b  00         BRK
d82c  00         BRK
d82d  00         BRK
d82e  00         BRK
d82f  00         BRK
d830  00         BRK
d831  00         BRK
d832  00         BRK
d833  00         BRK
d834  00         BRK
d835  00         BRK
d836  00         BRK
d837  00         BRK
d838  00         BRK
d839  00         BRK
d83a  00         BRK
d83b  00         BRK
d83c  00         BRK
d83d  00         BRK
d83e  00         BRK
d83f  00         BRK
d840  00         BRK
d841  00         BRK
d842  00         BRK
d843  00         BRK
d844  00         BRK
d845  00         BRK
d846  00         BRK
d847  00         BRK
d848  00         BRK
d849  00         BRK
d84a  00         BRK
d84b  00         BRK
d84c  00         BRK
d84d  00         BRK
d84e  00         BRK
d84f  00         BRK
d850  00         BRK
d851  00         BRK
d852  00         BRK
d853  00         BRK
d854  00         BRK
d855  00         BRK
d856  00         BRK
d857  00         BRK
d858  00         BRK
d859  00         BRK
d85a  00         BRK
d85b  00         BRK
d85c  00         BRK
d85d  00         BRK
d85e  00         BRK
d85f  00         BRK
d860  00         BRK
d861  00         BRK
d862  00         BRK
d863  00         BRK
d864  00         BRK
d865  00         BRK
d866  00         BRK
d867  00         BRK
d868  00         BRK
d869  00         BRK
d86a  00         BRK
d86b  00         BRK
d86c  00         BRK
d86d  00         BRK
d86e  00         BRK
d86f  00         BRK
d870  00         BRK
d871  00         BRK
d872  00         BRK
d873  00         BRK
d874  00         BRK
d875  00         BRK
d876  00         BRK
d877  00         BRK
d878  00         BRK
d879  00         BRK
d87a  00         BRK
d87b  00         BRK
d87c  00         BRK
d87d  00         BRK
d87e  00         BRK
d87f  00         BRK
d880  00         BRK
d881  00         BRK
d882  00         BRK
d883  00         BRK
d884  00         BRK
d885  00         BRK
d886  00         BRK
d887  00         BRK
d888  00         BRK
d889  00         BRK
d88a  00         BRK
d88b  00         BRK
d88c  00         BRK
d88d  00         BRK
d88e  00         BRK
d88f  00         BRK
d890  00         BRK
d891  00         BRK
d892  00         BRK
d893  00         BRK
d894  00         BRK
d895  00         BRK
d896  00         BRK
d897  00         BRK
d898  00         BRK
d899  00         BRK
d89a  00         BRK
d89b  00         BRK
d89c  00         BRK
d89d  00         BRK
d89e  00         BRK
d89f  00         BRK
d8a0  00         BRK
d8a1  00         BRK
d8a2  00         BRK
d8a3  00         BRK
d8a4  00         BRK
d8a5  00         BRK
d8a6  00         BRK
d8a7  00         BRK
d8a8  00         BRK
d8a9  00         BRK
d8aa  00         BRK
d8ab  00         BRK
d8ac  00         BRK
d8ad  00         BRK
d8ae  00         BRK
d8af  00         BRK
d8b0  00         BRK
d8b1  00         BRK
d8b2  00         BRK
d8b3  00         BRK
d8b4  00         BRK
d8b5  00         BRK
d8b6  00         BRK
d8b7  00         BRK
d8b8  00         BRK
d8b9  00         BRK
d8ba  00         BRK
d8bb  00         BRK
d8bc  00         BRK
d8bd  00         BRK
d8be  00         BRK
d8bf  00         BRK
d8c0  00         BRK
d8c1  00         BRK
d8c2  00         BRK
d8c3  00         BRK
d8c4  00         BRK
d8c5  00         BRK
d8c6  00         BRK
d8c7  00         BRK
d8c8  00         BRK
d8c9  00         BRK
d8ca  00         BRK
d8cb  00         BRK
d8cc  00         BRK
d8cd  00         BRK
d8ce  00         BRK
d8cf  00         BRK
d8d0  00         BRK
d8d1  00         BRK
d8d2  00         BRK
d8d3  00         BRK
d8d4  00         BRK
d8d5  00         BRK
d8d6  00         BRK
d8d7  00         BRK
d8d8  00         BRK
d8d9  00         BRK
d8da  00         BRK
d8db  00         BRK
d8dc  00         BRK
d8dd  00         BRK
d8de  00         BRK
d8df  00         BRK
d8e0  00         BRK
d8e1  00         BRK
d8e2  00         BRK
d8e3  00         BRK
d8e4  00         BRK
d8e5  00         BRK
d8e6  00         BRK
d8e7  00         BRK
d8e8  00         BRK
d8e9  00         BRK
d8ea  00         BRK
d8eb  00         BRK
d8ec  00         BRK
d8ed  00         BRK
d8ee  00         BRK
d8ef  00         BRK
d8f0  00         BRK
d8f1  00         BRK
d8f2  00         BRK
d8f3  00         BRK
d8f4  00         BRK
d8f5  00         BRK
d8f6  00         BRK
d8f7  00         BRK
d8f8  00         BRK
d8f9  00         BRK
d8fa  00         BRK
d8fb  00         BRK
d8fc  00         BRK
d8fd  00         BRK
d8fe  00         BRK
d8ff  00         BRK
d900  00         BRK
d901  00         BRK
d902  00         BRK
d903  00         BRK
d904  00         BRK
d905  00         BRK
d906  00         BRK
d907  00         BRK
d908  00         BRK
d909  00         BRK
d90a  00         BRK
d90b  00         BRK
d90c  00         BRK
d90d  00         BRK
d90e  00         BRK
d90f  00         BRK
d910  00         BRK
d911  00         BRK
d912  00         BRK
d913  00         BRK
d914  00         BRK
d915  00         BRK
d916  00         BRK
d917  00         BRK
d918  00         BRK
d919  00         BRK
d91a  00         BRK
d91b  00         BRK
d91c  00         BRK
d91d  00         BRK
d91e  00         BRK
d91f  00         BRK
d920  00         BRK
d921  00         BRK
d922  00         BRK
d923  00         BRK
d924  00         BRK
d925  00         BRK
d926  00         BRK
d927  00         BRK
d928  00         BRK
d929  00         BRK
d92a  00         BRK
d92b  00         BRK
d92c  00         BRK
d92d  00         BRK
d92e  00         BRK
d92f  00         BRK
d930  00         BRK
d931  00         BRK
d932  00         BRK
d933  00         BRK
d934  00         BRK
d935  00         BRK
d936  00         BRK
d937  00         BRK
d938  00         BRK
d939  00         BRK
d93a  00         BRK
d93b  00         BRK
d93c  00         BRK
d93d  00         BRK
d93e  00         BRK
d93f  00         BRK
d940  00         BRK
d941  00         BRK
d942  00         BRK
d943  00         BRK
d944  00         BRK
d945  00         BRK
d946  00         BRK
d947  00         BRK
d948  00         BRK
d949  00         BRK
d94a  00         BRK
d94b  00         BRK
d94c  00         BRK
d94d  00         BRK
d94e  00         BRK
d94f  00         BRK
d950  00         BRK
d951  00         BRK
d952  00         BRK
d953  00         BRK
d954  00         BRK
d955  00         BRK
d956  00         BRK
d957  00         BRK
d958  00         BRK
d959  00         BRK
d95a  00         BRK
d95b  00         BRK
d95c  00         BRK
d95d  00         BRK
d95e  00         BRK
d95f  00         BRK
d960  00         BRK
d961  00         BRK
d962  00         BRK
d963  00         BRK
d964  00         BRK
d965  00         BRK
d966  00         BRK
d967  00         BRK
d968  00         BRK
d969  00         BRK
d96a  00         BRK
d96b  00         BRK
d96c  00         BRK
d96d  00         BRK
d96e  00         BRK
d96f  00         BRK
d970  00         BRK
d971  00         BRK
d972  00         BRK
d973  00         BRK
d974  00         BRK
d975  00         BRK
d976  00         BRK
d977  00         BRK
d978  00         BRK
d979  00         BRK
d97a  00         BRK
d97b  00         BRK
d97c  00         BRK
d97d  00         BRK
d97e  00         BRK
d97f  00         BRK
d980  00         BRK
d981  00         BRK
d982  00         BRK
d983  00         BRK
d984  00         BRK
d985  00         BRK
d986  00         BRK
d987  00         BRK
d988  00         BRK
d989  00         BRK
d98a  00         BRK
d98b  00         BRK
d98c  00         BRK
d98d  00         BRK
d98e  00         BRK
d98f  00         BRK
d990  00         BRK
d991  00         BRK
d992  00         BRK
d993  00         BRK
d994  00         BRK
d995  00         BRK
d996  00         BRK
d997  00         BRK
d998  00         BRK
d999  00         BRK
d99a  00         BRK
d99b  00         BRK
d99c  00         BRK
d99d  00         BRK
d99e  00         BRK
d99f  00         BRK
d9a0  00         BRK
d9a1  00         BRK
d9a2  00         BRK
d9a3  00         BRK
d9a4  00         BRK
d9a5  00         BRK
d9a6  00         BRK
d9a7  00         BRK
d9a8  00         BRK
d9a9  00         BRK
d9aa  00         BRK
d9ab  00         BRK
d9ac  00         BRK
d9ad  00         BRK
d9ae  00         BRK
d9af  00         BRK
d9b0  00         BRK
d9b1  00         BRK
d9b2  00         BRK
d9b3  00         BRK
d9b4  00         BRK
d9b5  00         BRK
d9b6  00         BRK
d9b7  00         BRK
d9b8  00         BRK
d9b9  00         BRK
d9ba  00         BRK
d9bb  00         BRK
d9bc  00         BRK
d9bd  00         BRK
d9be  00         BRK
d9bf  00         BRK
d9c0  00         BRK
d9c1  00         BRK
d9c2  00         BRK
d9c3  00         BRK
d9c4  00         BRK
d9c5  00         BRK
d9c6  00         BRK
d9c7  00         BRK
d9c8  00         BRK
d9c9  00         BRK
d9ca  00         BRK
d9cb  00         BRK
d9cc  00         BRK
d9cd  00         BRK
d9ce  00         BRK
d9cf  00         BRK
d9d0  00         BRK
d9d1  00         BRK
d9d2  00         BRK
d9d3  00         BRK
d9d4  00         BRK
d9d5  00         BRK
d9d6  00         BRK
d9d7  00         BRK
d9d8  00         BRK
d9d9  00         BRK
d9da  00         BRK
d9db  00         BRK
d9dc  00         BRK
d9dd  00         BRK
d9de  00         BRK
d9df  00         BRK
d9e0  00         BRK
d9e1  00         BRK
d9e2  00         BRK
d9e3  00         BRK
d9e4  00         BRK
d9e5  00         BRK
d9e6  00         BRK
d9e7  00         BRK
d9e8  00         BRK
d9e9  00         BRK
d9ea  00         BRK
d9eb  00         BRK
d9ec  00         BRK
d9ed  00         BRK
d9ee  00         BRK
d9ef  00         BRK
d9f0  00         BRK
d9f1  00         BRK
d9f2  00         BRK
d9f3  00         BRK
d9f4  00         BRK
d9f5  00         BRK
d9f6  00         BRK
d9f7  00         BRK
d9f8  00         BRK
d9f9  00         BRK
d9fa  00         BRK
d9fb  00         BRK
d9fc  00         BRK
d9fd  00         BRK
d9fe  00         BRK
d9ff  00         BRK
da00  00         BRK
da01  00         BRK
da02  00         BRK
da03  00         BRK
da04  00         BRK
da05  00         BRK
da06  00         BRK
da07  00         BRK
da08  00         BRK
da09  00         BRK
da0a  00         BRK
da0b  00         BRK
da0c  00         BRK
da0d  00         BRK
da0e  00         BRK
da0f  00         BRK
da10  00         BRK
da11  00         BRK
da12  00         BRK
da13  00         BRK
da14  00         BRK
da15  00         BRK
da16  00         BRK
da17  00         BRK
da18  00         BRK
da19  00         BRK
da1a  00         BRK
da1b  00         BRK
da1c  00         BRK
da1d  00         BRK
da1e  00         BRK
da1f  00         BRK
da20  00         BRK
da21  00         BRK
da22  00         BRK
da23  00         BRK
da24  00         BRK
da25  00         BRK
da26  00         BRK
da27  00         BRK
da28  00         BRK
da29  00         BRK
da2a  00         BRK
da2b  00         BRK
da2c  00         BRK
da2d  00         BRK
da2e  00         BRK
da2f  00         BRK
da30  00         BRK
da31  00         BRK
da32  00         BRK
da33  00         BRK
da34  00         BRK
da35  00         BRK
da36  00         BRK
da37  00         BRK
da38  00         BRK
da39  00         BRK
da3a  00         BRK
da3b  00         BRK
da3c  00         BRK
da3d  00         BRK
da3e  00         BRK
da3f  00         BRK
da40  00         BRK
da41  00         BRK
da42  00         BRK
da43  00         BRK
da44  00         BRK
da45  00         BRK
da46  00         BRK
da47  00         BRK
da48  00         BRK
da49  00         BRK
da4a  00         BRK
da4b  00         BRK
da4c  00         BRK
da4d  00         BRK
da4e  00         BRK
da4f  00         BRK
da50  00         BRK
da51  00         BRK
da52  00         BRK
da53  00         BRK
da54  00         BRK
da55  00         BRK
da56  00         BRK
da57  00         BRK
da58  00         BRK
da59  00         BRK
da5a  00         BRK
da5b  00         BRK
da5c  00         BRK
da5d  00         BRK
da5e  00         BRK
da5f  00         BRK
da60  00         BRK
da61  00         BRK
da62  00         BRK
da63  00         BRK
da64  00         BRK
da65  00         BRK
da66  00         BRK
da67  00         BRK
da68  00         BRK
da69  00         BRK
da6a  00         BRK
da6b  00         BRK
da6c  00         BRK
da6d  00         BRK
da6e  00         BRK
da6f  00         BRK
da70  00         BRK
da71  00         BRK
da72  00         BRK
da73  00         BRK
da74  00         BRK
da75  00         BRK
da76  00         BRK
da77  00         BRK
da78  00         BRK
da79  00         BRK
da7a  00         BRK
da7b  00         BRK
da7c  00         BRK
da7d  00         BRK
da7e  00         BRK
da7f  00         BRK
da80  00         BRK
da81  00         BRK
da82  00         BRK
da83  00         BRK
da84  00         BRK
da85  00         BRK
da86  00         BRK
da87  00         BRK
da88  00         BRK
da89  00         BRK
da8a  00         BRK
da8b  00         BRK
da8c  00         BRK
da8d  00         BRK
da8e  00         BRK
da8f  00         BRK
da90  00         BRK
da91  00         BRK
da92  00         BRK
da93  00         BRK
da94  00         BRK
da95  00         BRK
da96  00         BRK
da97  00         BRK
da98  00         BRK
da99  00         BRK
da9a  00         BRK
da9b  00         BRK
da9c  00         BRK
da9d  00         BRK
da9e  00         BRK
da9f  00         BRK
daa0  00         BRK
daa1  00         BRK
daa2  00         BRK
daa3  00         BRK
daa4  00         BRK
daa5  00         BRK
daa6  00         BRK
daa7  00         BRK
daa8  00         BRK
daa9  00         BRK
daaa  00         BRK
daab  00         BRK
daac  00         BRK
daad  00         BRK
daae  00         BRK
daaf  00         BRK
dab0  00         BRK
dab1  00         BRK
dab2  00         BRK
dab3  00         BRK
dab4  00         BRK
dab5  00         BRK
dab6  00         BRK
dab7  00         BRK
dab8  00         BRK
dab9  00         BRK
daba  00         BRK
dabb  00         BRK
dabc  00         BRK
dabd  00         BRK
dabe  00         BRK
dabf  00         BRK
dac0  00         BRK
dac1  00         BRK
dac2  00         BRK
dac3  00         BRK
dac4  00         BRK
dac5  00         BRK
dac6  00         BRK
dac7  00         BRK
dac8  00         BRK
dac9  00         BRK
daca  00         BRK
dacb  00         BRK
dacc  00         BRK
dacd  00         BRK
dace  00         BRK
dacf  00         BRK
dad0  00         BRK
dad1  00         BRK
dad2  00         BRK
dad3  00         BRK
dad4  00         BRK
dad5  00         BRK
dad6  00         BRK
dad7  00         BRK
dad8  00         BRK
dad9  00         BRK
dada  00         BRK
dadb  00         BRK
dadc  00         BRK
dadd  00         BRK
dade  00         BRK
dadf  00         BRK
dae0  00         BRK
dae1  00         BRK
dae2  00         BRK
dae3  00         BRK
dae4  00         BRK
dae5  00         BRK
dae6  00         BRK
dae7  00         BRK
dae8  00         BRK
dae9  00         BRK
daea  00         BRK
daeb  00         BRK
daec  00         BRK
daed  00         BRK
daee  00         BRK
daef  00         BRK
daf0  00         BRK
daf1  00         BRK
daf2  00         BRK
daf3  00         BRK
daf4  00         BRK
daf5  00         BRK
daf6  00         BRK
daf7  00         BRK
daf8  00         BRK
daf9  00         BRK
dafa  00         BRK
dafb  00         BRK
dafc  00         BRK
dafd  00         BRK
dafe  00         BRK
daff  00         BRK
db00  00         BRK
db01  00         BRK
db02  00         BRK
db03  00         BRK
db04  00         BRK
db05  00         BRK
db06  00         BRK
db07  00         BRK
db08  00         BRK
db09  00         BRK
db0a  00         BRK
db0b  00         BRK
db0c  00         BRK
db0d  00         BRK
db0e  00         BRK
db0f  00         BRK
db10  00         BRK
db11  00         BRK
db12  00         BRK
db13  00         BRK
db14  00         BRK
db15  00         BRK
db16  00         BRK
db17  00         BRK
db18  00         BRK
db19  00         BRK
db1a  00         BRK
db1b  00         BRK
db1c  00         BRK
db1d  00         BRK
db1e  00         BRK
db1f  00         BRK
db20  00         BRK
db21  00         BRK
db22  00         BRK
db23  00         BRK
db24  00         BRK
db25  00         BRK
db26  00         BRK
db27  00         BRK
db28  00         BRK
db29  00         BRK
db2a  00         BRK
db2b  00         BRK
db2c  00         BRK
db2d  00         BRK
db2e  00         BRK
db2f  00         BRK
db30  00         BRK
db31  00         BRK
db32  00         BRK
db33  00         BRK
db34  00         BRK
db35  00         BRK
db36  00         BRK
db37  00         BRK
db38  00         BRK
db39  00         BRK
db3a  00         BRK
db3b  00         BRK
db3c  00         BRK
db3d  00         BRK
db3e  00         BRK
db3f  00         BRK
db40  00         BRK
db41  00         BRK
db42  00         BRK
db43  00         BRK
db44  00         BRK
db45  00         BRK
db46  00         BRK
db47  00         BRK
db48  00         BRK
db49  00         BRK
db4a  00         BRK
db4b  00         BRK
db4c  00         BRK
db4d  00         BRK
db4e  00         BRK
db4f  00         BRK
db50  00         BRK
db51  00         BRK
db52  00         BRK
db53  00         BRK
db54  00         BRK
db55  00         BRK
db56  00         BRK
db57  00         BRK
db58  00         BRK
db59  00         BRK
db5a  00         BRK
db5b  00         BRK
db5c  00         BRK
db5d  00         BRK
db5e  00         BRK
db5f  00         BRK
db60  00         BRK
db61  00         BRK
db62  00         BRK
db63  00         BRK
db64  00         BRK
db65  00         BRK
db66  00         BRK
db67  00         BRK
db68  00         BRK
db69  00         BRK
db6a  00         BRK
db6b  00         BRK
db6c  00         BRK
db6d  00         BRK
db6e  00         BRK
db6f  00         BRK
db70  00         BRK
db71  00         BRK
db72  00         BRK
db73  00         BRK
db74  00         BRK
db75  00         BRK
db76  00         BRK
db77  00         BRK
db78  00         BRK
db79  00         BRK
db7a  00         BRK
db7b  00         BRK
db7c  00         BRK
db7d  00         BRK
db7e  00         BRK
db7f  00         BRK
db80  00         BRK
db81  00         BRK
db82  00         BRK
db83  00         BRK
db84  00         BRK
db85  00         BRK
db86  00         BRK
db87  00         BRK
db88  00         BRK
db89  00         BRK
db8a  00         BRK
db8b  00         BRK
db8c  00         BRK
db8d  00         BRK
db8e  00         BRK
db8f  00         BRK
db90  00         BRK
db91  00         BRK
db92  00         BRK
db93  00         BRK
db94  00         BRK
db95  00         BRK
db96  00         BRK
db97  00         BRK
db98  00         BRK
db99  00         BRK
db9a  00         BRK
db9b  00         BRK
db9c  00         BRK
db9d  00         BRK
db9e  00         BRK
db9f  00         BRK
dba0  00         BRK
dba1  00         BRK
dba2  00         BRK
dba3  00         BRK
dba4  00         BRK
dba5  00         BRK
dba6  00         BRK
dba7  00         BRK
dba8  00         BRK
dba9  00         BRK
dbaa  00         BRK
dbab  00         BRK
dbac  00         BRK
dbad  00         BRK
dbae  00         BRK
dbaf  00         BRK
dbb0  00         BRK
dbb1  00         BRK
dbb2  00         BRK
dbb3  00         BRK
dbb4  00         BRK
dbb5  00         BRK
dbb6  00         BRK
dbb7  00         BRK
dbb8  00         BRK
dbb9  00         BRK
dbba  00         BRK
dbbb  00         BRK
dbbc  00         BRK
dbbd  00         BRK
dbbe  00         BRK
dbbf  00         BRK
dbc0  00         BRK
dbc1  00         BRK
dbc2  00         BRK
dbc3  00         BRK
dbc4  00         BRK
dbc5  00         BRK
dbc6  00         BRK
dbc7  00         BRK
dbc8  00         BRK
dbc9  00         BRK
dbca  00         BRK
dbcb  00         BRK
dbcc  00         BRK
dbcd  00         BRK
dbce  00         BRK
dbcf  00         BRK
dbd0  00         BRK
dbd1  00         BRK
dbd2  00         BRK
dbd3  00         BRK
dbd4  00         BRK
dbd5  00         BRK
dbd6  00         BRK
dbd7  00         BRK
dbd8  00         BRK
dbd9  00         BRK
dbda  00         BRK
dbdb  00         BRK
dbdc  00         BRK
dbdd  00         BRK
dbde  00         BRK
dbdf  00         BRK
dbe0  00         BRK
dbe1  00         BRK
dbe2  00         BRK
dbe3  00         BRK
dbe4  00         BRK
dbe5  00         BRK
dbe6  00         BRK
dbe7  00         BRK
dbe8  00         BRK
dbe9  00         BRK
dbea  00         BRK
dbeb  00         BRK
dbec  00         BRK
dbed  00         BRK
dbee  00         BRK
dbef  00         BRK
dbf0  00         BRK
dbf1  00         BRK
dbf2  00         BRK
dbf3  00         BRK
dbf4  00         BRK
dbf5  00         BRK
dbf6  00         BRK
dbf7  00         BRK
dbf8  00         BRK
dbf9  00         BRK
dbfa  00         BRK
dbfb  00         BRK
dbfc  00         BRK
dbfd  00         BRK
dbfe  00         BRK
dbff  00         BRK
dc00  00         BRK
dc01  00         BRK
dc02  00         BRK
dc03  00         BRK
dc04  00         BRK
dc05  00         BRK
dc06  00         BRK
dc07  00         BRK
dc08  00         BRK
dc09  00         BRK
dc0a  00         BRK
dc0b  00         BRK
dc0c  00         BRK
dc0d  00         BRK
dc0e  00         BRK
dc0f  00         BRK
dc10  00         BRK
dc11  00         BRK
dc12  00         BRK
dc13  00         BRK
dc14  00         BRK
dc15  00         BRK
dc16  00         BRK
dc17  00         BRK
dc18  00         BRK
dc19  00         BRK
dc1a  00         BRK
dc1b  00         BRK
dc1c  00         BRK
dc1d  00         BRK
dc1e  00         BRK
dc1f  00         BRK
dc20  00         BRK
dc21  00         BRK
dc22  00         BRK
dc23  00         BRK
dc24  00         BRK
dc25  00         BRK
dc26  00         BRK
dc27  00         BRK
dc28  00         BRK
dc29  00         BRK
dc2a  00         BRK
dc2b  00         BRK
dc2c  00         BRK
dc2d  00         BRK
dc2e  00         BRK
dc2f  00         BRK
dc30  00         BRK
dc31  00         BRK
dc32  00         BRK
dc33  00         BRK
dc34  00         BRK
dc35  00         BRK
dc36  00         BRK
dc37  00         BRK
dc38  00         BRK
dc39  00         BRK
dc3a  00         BRK
dc3b  00         BRK
dc3c  00         BRK
dc3d  00         BRK
dc3e  00         BRK
dc3f  00         BRK
dc40  00         BRK
dc41  00         BRK
dc42  00         BRK
dc43  00         BRK
dc44  00         BRK
dc45  00         BRK
dc46  00         BRK
dc47  00         BRK
dc48  00         BRK
dc49  00         BRK
dc4a  00         BRK
dc4b  00         BRK
dc4c  00         BRK
dc4d  00         BRK
dc4e  00         BRK
dc4f  00         BRK
dc50  00         BRK
dc51  00         BRK
dc52  00         BRK
dc53  00         BRK
dc54  00         BRK
dc55  00         BRK
dc56  00         BRK
dc57  00         BRK
dc58  00         BRK
dc59  00         BRK
dc5a  00         BRK
dc5b  00         BRK
dc5c  00         BRK
dc5d  00         BRK
dc5e  00         BRK
dc5f  00         BRK
dc60  00         BRK
dc61  00         BRK
dc62  00         BRK
dc63  00         BRK
dc64  00         BRK
dc65  00         BRK
dc66  00         BRK
dc67  00         BRK
dc68  00         BRK
dc69  00         BRK
dc6a  00         BRK
dc6b  00         BRK
dc6c  00         BRK
dc6d  00         BRK
dc6e  00         BRK
dc6f  00         BRK
dc70  00         BRK
dc71  00         BRK
dc72  00         BRK
dc73  00         BRK
dc74  00         BRK
dc75  00         BRK
dc76  00         BRK
dc77  00         BRK
dc78  00         BRK
dc79  00         BRK
dc7a  00         BRK
dc7b  00         BRK
dc7c  00         BRK
dc7d  00         BRK
dc7e  00         BRK
dc7f  00         BRK
dc80  00         BRK
dc81  00         BRK
dc82  00         BRK
dc83  00         BRK
dc84  00         BRK
dc85  00         BRK
dc86  00         BRK
dc87  00         BRK
dc88  00         BRK
dc89  00         BRK
dc8a  00         BRK
dc8b  00         BRK
dc8c  00         BRK
dc8d  00         BRK
dc8e  00         BRK
dc8f  00         BRK
dc90  00         BRK
dc91  00         BRK
dc92  00         BRK
dc93  00         BRK
dc94  00         BRK
dc95  00         BRK
dc96  00         BRK
dc97  00         BRK
dc98  00         BRK
dc99  00         BRK
dc9a  00         BRK
dc9b  00         BRK
dc9c  00         BRK
dc9d  00         BRK
dc9e  00         BRK
dc9f  00         BRK
dca0  00         BRK
dca1  00         BRK
dca2  00         BRK
dca3  00         BRK
dca4  00         BRK
dca5  00         BRK
dca6  00         BRK
dca7  00         BRK
dca8  00         BRK
dca9  00         BRK
dcaa  00         BRK
dcab  00         BRK
dcac  00         BRK
dcad  00         BRK
dcae  00         BRK
dcaf  00         BRK
dcb0  00         BRK
dcb1  00         BRK
dcb2  00         BRK
dcb3  00         BRK
dcb4  00         BRK
dcb5  00         BRK
dcb6  00         BRK
dcb7  00         BRK
dcb8  00         BRK
dcb9  00         BRK
dcba  00         BRK
dcbb  00         BRK
dcbc  00         BRK
dcbd  00         BRK
dcbe  00         BRK
dcbf  00         BRK
dcc0  00         BRK
dcc1  00         BRK
dcc2  00         BRK
dcc3  00         BRK
dcc4  00         BRK
dcc5  00         BRK
dcc6  00         BRK
dcc7  00         BRK
dcc8  00         BRK
dcc9  00         BRK
dcca  00         BRK
dccb  00         BRK
dccc  00         BRK
dccd  00         BRK
dcce  00         BRK
dccf  00         BRK
dcd0  00         BRK
dcd1  00         BRK
dcd2  00         BRK
dcd3  00         BRK
dcd4  00         BRK
dcd5  00         BRK
dcd6  00         BRK
dcd7  00         BRK
dcd8  00         BRK
dcd9  00         BRK
dcda  00         BRK
dcdb  00         BRK
dcdc  00         BRK
dcdd  00         BRK
dcde  00         BRK
dcdf  00         BRK
dce0  00         BRK
dce1  00         BRK
dce2  00         BRK
dce3  00         BRK
dce4  00         BRK
dce5  00         BRK
dce6  00         BRK
dce7  00         BRK
dce8  00         BRK
dce9  00         BRK
dcea  00         BRK
dceb  00         BRK
dcec  00         BRK
dced  00         BRK
dcee  00         BRK
dcef  00         BRK
dcf0  00         BRK
dcf1  00         BRK
dcf2  00         BRK
dcf3  00         BRK
dcf4  00         BRK
dcf5  00         BRK
dcf6  00         BRK
dcf7  00         BRK
dcf8  00         BRK
dcf9  00         BRK
dcfa  00         BRK
dcfb  00         BRK
dcfc  00         BRK
dcfd  00         BRK
dcfe  00         BRK
dcff  00         BRK
dd00  00         BRK
dd01  00         BRK
dd02  00         BRK
dd03  00         BRK
dd04  00         BRK
dd05  00         BRK
dd06  00         BRK
dd07  00         BRK
dd08  00         BRK
dd09  00         BRK
dd0a  00         BRK
dd0b  00         BRK
dd0c  00         BRK
dd0d  00         BRK
dd0e  00         BRK
dd0f  00         BRK
dd10  00         BRK
dd11  00         BRK
dd12  00         BRK
dd13  00         BRK
dd14  00         BRK
dd15  00         BRK
dd16  00         BRK
dd17  00         BRK
dd18  00         BRK
dd19  00         BRK
dd1a  00         BRK
dd1b  00         BRK
dd1c  00         BRK
dd1d  00         BRK
dd1e  00         BRK
dd1f  00         BRK
dd20  00         BRK
dd21  00         BRK
dd22  00         BRK
dd23  00         BRK
dd24  00         BRK
dd25  00         BRK
dd26  00         BRK
dd27  00         BRK
dd28  00         BRK
dd29  00         BRK
dd2a  00         BRK
dd2b  00         BRK
dd2c  00         BRK
dd2d  00         BRK
dd2e  00         BRK
dd2f  00         BRK
dd30  00         BRK
dd31  00         BRK
dd32  00         BRK
dd33  00         BRK
dd34  00         BRK
dd35  00         BRK
dd36  00         BRK
dd37  00         BRK
dd38  00         BRK
dd39  00         BRK
dd3a  00         BRK
dd3b  00         BRK
dd3c  00         BRK
dd3d  00         BRK
dd3e  00         BRK
dd3f  00         BRK
dd40  00         BRK
dd41  00         BRK
dd42  00         BRK
dd43  00         BRK
dd44  00         BRK
dd45  00         BRK
dd46  00         BRK
dd47  00         BRK
dd48  00         BRK
dd49  00         BRK
dd4a  00         BRK
dd4b  00         BRK
dd4c  00         BRK
dd4d  00         BRK
dd4e  00         BRK
dd4f  00         BRK
dd50  00         BRK
dd51  00         BRK
dd52  00         BRK
dd53  00         BRK
dd54  00         BRK
dd55  00         BRK
dd56  00         BRK
dd57  00         BRK
dd58  00         BRK
dd59  00         BRK
dd5a  00         BRK
dd5b  00         BRK
dd5c  00         BRK
dd5d  00         BRK
dd5e  00         BRK
dd5f  00         BRK
dd60  00         BRK
dd61  00         BRK
dd62  00         BRK
dd63  00         BRK
dd64  00         BRK
dd65  00         BRK
dd66  00         BRK
dd67  00         BRK
dd68  00         BRK
dd69  00         BRK
dd6a  00         BRK
dd6b  00         BRK
dd6c  00         BRK
dd6d  00         BRK
dd6e  00         BRK
dd6f  00         BRK
dd70  00         BRK
dd71  00         BRK
dd72  00         BRK
dd73  00         BRK
dd74  00         BRK
dd75  00         BRK
dd76  00         BRK
dd77  00         BRK
dd78  00         BRK
dd79  00         BRK
dd7a  00         BRK
dd7b  00         BRK
dd7c  00         BRK
dd7d  00         BRK
dd7e  00         BRK
dd7f  00         BRK
dd80  00         BRK
dd81  00         BRK
dd82  00         BRK
dd83  00         BRK
dd84  00         BRK
dd85  00         BRK
dd86  00         BRK
dd87  00         BRK
dd88  00         BRK
dd89  00         BRK
dd8a  00         BRK
dd8b  00         BRK
dd8c  00         BRK
dd8d  00         BRK
dd8e  00         BRK
dd8f  00         BRK
dd90  00         BRK
dd91  00         BRK
dd92  00         BRK
dd93  00         BRK
dd94  00         BRK
dd95  00         BRK
dd96  00         BRK
dd97  00         BRK
dd98  00         BRK
dd99  00         BRK
dd9a  00         BRK
dd9b  00         BRK
dd9c  00         BRK
dd9d  00         BRK
dd9e  00         BRK
dd9f  00         BRK
dda0  00         BRK
dda1  00         BRK
dda2  00         BRK
dda3  00         BRK
dda4  00         BRK
dda5  00         BRK
dda6  00         BRK
dda7  00         BRK
dda8  00         BRK
dda9  00         BRK
ddaa  00         BRK
ddab  00         BRK
ddac  00         BRK
ddad  00         BRK
ddae  00         BRK
ddaf  00         BRK
ddb0  00         BRK
ddb1  00         BRK
ddb2  00         BRK
ddb3  00         BRK
ddb4  00         BRK
ddb5  00         BRK
ddb6  00         BRK
ddb7  00         BRK
ddb8  00         BRK
ddb9  00         BRK
ddba  00         BRK
ddbb  00         BRK
ddbc  00         BRK
ddbd  00         BRK
ddbe  00         BRK
ddbf  00         BRK
ddc0  00         BRK
ddc1  00         BRK
ddc2  00         BRK
ddc3  00         BRK
ddc4  00         BRK
ddc5  00         BRK
ddc6  00         BRK
ddc7  00         BRK
ddc8  00         BRK
ddc9  00         BRK
ddca  00         BRK
ddcb  00         BRK
ddcc  00         BRK
ddcd  00         BRK
ddce  00         BRK
ddcf  00         BRK
ddd0  00         BRK
ddd1  00         BRK
ddd2  00         BRK
ddd3  00         BRK
ddd4  00         BRK
ddd5  00         BRK
ddd6  00         BRK
ddd7  00         BRK
ddd8  00         BRK
ddd9  00         BRK
ddda  00         BRK
dddb  00         BRK
dddc  00         BRK
dddd  00         BRK
ddde  00         BRK
dddf  00         BRK
dde0  00         BRK
dde1  00         BRK
dde2  00         BRK
dde3  00         BRK
dde4  00         BRK
dde5  00         BRK
dde6  00         BRK
dde7  00         BRK
dde8  00         BRK
dde9  00         BRK
ddea  00         BRK
ddeb  00         BRK
ddec  00         BRK
dded  00         BRK
ddee  00         BRK
ddef  00         BRK
ddf0  00         BRK
ddf1  00         BRK
ddf2  00         BRK
ddf3  00         BRK
ddf4  00         BRK
ddf5  00         BRK
ddf6  00         BRK
ddf7  00         BRK
ddf8  00         BRK
ddf9  00         BRK
ddfa  00         BRK
ddfb  00         BRK
ddfc  00         BRK
ddfd  00         BRK
ddfe  00         BRK
ddff  00         BRK
de00  00         BRK
de01  00         BRK
de02  00         BRK
de03  00         BRK
de04  00         BRK
de05  00         BRK
de06  00         BRK
de07  00         BRK
de08  00         BRK
de09  00         BRK
de0a  00         BRK
de0b  00         BRK
de0c  00         BRK
de0d  00         BRK
de0e  00         BRK
de0f  00         BRK
de10  00         BRK
de11  00         BRK
de12  00         BRK
de13  00         BRK
de14  00         BRK
de15  00         BRK
de16  00         BRK
de17  00         BRK
de18  00         BRK
de19  00         BRK
de1a  00         BRK
de1b  00         BRK
de1c  00         BRK
de1d  00         BRK
de1e  00         BRK
de1f  00         BRK
de20  00         BRK
de21  00         BRK
de22  00         BRK
de23  00         BRK
de24  00         BRK
de25  00         BRK
de26  00         BRK
de27  00         BRK
de28  00         BRK
de29  00         BRK
de2a  00         BRK
de2b  00         BRK
de2c  00         BRK
de2d  00         BRK
de2e  00         BRK
de2f  00         BRK
de30  00         BRK
de31  00         BRK
de32  00         BRK
de33  00         BRK
de34  00         BRK
de35  00         BRK
de36  00         BRK
de37  00         BRK
de38  00         BRK
de39  00         BRK
de3a  00         BRK
de3b  00         BRK
de3c  00         BRK
de3d  00         BRK
de3e  00         BRK
de3f  00         BRK
de40  00         BRK
de41  00         BRK
de42  00         BRK
de43  00         BRK
de44  00         BRK
de45  00         BRK
de46  00         BRK
de47  00         BRK
de48  00         BRK
de49  00         BRK
de4a  00         BRK
de4b  00         BRK
de4c  00         BRK
de4d  00         BRK
de4e  00         BRK
de4f  00         BRK
de50  00         BRK
de51  00         BRK
de52  00         BRK
de53  00         BRK
de54  00         BRK
de55  00         BRK
de56  00         BRK
de57  00         BRK
de58  00         BRK
de59  00         BRK
de5a  00         BRK
de5b  00         BRK
de5c  00         BRK
de5d  00         BRK
de5e  00         BRK
de5f  00         BRK
de60  00         BRK
de61  00         BRK
de62  00         BRK
de63  00         BRK
de64  00         BRK
de65  00         BRK
de66  00         BRK
de67  00         BRK
de68  00         BRK
de69  00         BRK
de6a  00         BRK
de6b  00         BRK
de6c  00         BRK
de6d  00         BRK
de6e  00         BRK
de6f  00         BRK
de70  00         BRK
de71  00         BRK
de72  00         BRK
de73  00         BRK
de74  00         BRK
de75  00         BRK
de76  00         BRK
de77  00         BRK
de78  00         BRK
de79  00         BRK
de7a  00         BRK
de7b  00         BRK
de7c  00         BRK
de7d  00         BRK
de7e  00         BRK
de7f  00         BRK
de80  00         BRK
de81  00         BRK
de82  00         BRK
de83  00         BRK
de84  00         BRK
de85  00         BRK
de86  00         BRK
de87  00         BRK
de88  00         BRK
de89  00         BRK
de8a  00         BRK
de8b  00         BRK
de8c  00         BRK
de8d  00         BRK
de8e  00         BRK
de8f  00         BRK
de90  00         BRK
de91  00         BRK
de92  00         BRK
de93  00         BRK
de94  00         BRK
de95  00         BRK
de96  00         BRK
de97  00         BRK
de98  00         BRK
de99  00         BRK
de9a  00         BRK
de9b  00         BRK
de9c  00         BRK
de9d  00         BRK
de9e  00         BRK
de9f  00         BRK
dea0  00         BRK
dea1  00         BRK
dea2  00         BRK
dea3  00         BRK
dea4  00         BRK
dea5  00         BRK
dea6  00         BRK
dea7  00         BRK
dea8  00         BRK
dea9  00         BRK
deaa  00         BRK
deab  00         BRK
deac  00         BRK
dead  00         BRK
deae  00         BRK
deaf  00         BRK
deb0  00         BRK
deb1  00         BRK
deb2  00         BRK
deb3  00         BRK
deb4  00         BRK
deb5  00         BRK
deb6  00         BRK
deb7  00         BRK
deb8  00         BRK
deb9  00         BRK
deba  00         BRK
debb  00         BRK
debc  00         BRK
debd  00         BRK
debe  00         BRK
debf  00         BRK
dec0  00         BRK
dec1  00         BRK
dec2  00         BRK
dec3  00         BRK
dec4  00         BRK
dec5  00         BRK
dec6  00         BRK
dec7  00         BRK
dec8  00         BRK
dec9  00         BRK
deca  00         BRK
decb  00         BRK
decc  00         BRK
decd  00         BRK
dece  00         BRK
decf  00         BRK
ded0  00         BRK
ded1  00         BRK
ded2  00         BRK
ded3  00         BRK
ded4  00         BRK
ded5  00         BRK
ded6  00         BRK
ded7  00         BRK
ded8  00         BRK
ded9  00         BRK
deda  00         BRK
dedb  00         BRK
dedc  00         BRK
dedd  00         BRK
dede  00         BRK
dedf  00         BRK
dee0  00         BRK
dee1  00         BRK
dee2  00         BRK
dee3  00         BRK
dee4  00         BRK
dee5  00         BRK
dee6  00         BRK
dee7  00         BRK
dee8  00         BRK
dee9  00         BRK
deea  00         BRK
deeb  00         BRK
deec  00         BRK
deed  00         BRK
deee  00         BRK
deef  00         BRK
def0  00         BRK
def1  00         BRK
def2  00         BRK
def3  00         BRK
def4  00         BRK
def5  00         BRK
def6  00         BRK
def7  00         BRK
def8  00         BRK
def9  00         BRK
defa  00         BRK
defb  00         BRK
defc  00         BRK
defd  00         BRK
defe  00         BRK
deff  00         BRK
df00  00         BRK
df01  00         BRK
df02  00         BRK
df03  00         BRK
df04  00         BRK
df05  00         BRK
df06  00         BRK
df07  00         BRK
df08  00         BRK
df09  00         BRK
df0a  00         BRK
df0b  00         BRK
df0c  00         BRK
df0d  00         BRK
df0e  00         BRK
df0f  00         BRK
df10  00         BRK
df11  00         BRK
df12  00         BRK
df13  00         BRK
df14  00         BRK
df15  00         BRK
df16  00         BRK
df17  00         BRK
df18  00         BRK
df19  00         BRK
df1a  00         BRK
df1b  00         BRK
df1c  00         BRK
df1d  00         BRK
df1e  00         BRK
df1f  00         BRK
df20  00         BRK
df21  00         BRK
df22  00         BRK
df23  00         BRK
df24  00         BRK
df25  00         BRK
df26  00         BRK
df27  00         BRK
df28  00         BRK
df29  00         BRK
df2a  00         BRK
df2b  00         BRK
df2c  00         BRK
df2d  00         BRK
df2e  00         BRK
df2f  00         BRK
df30  00         BRK
df31  00         BRK
df32  00         BRK
df33  00         BRK
df34  00         BRK
df35  00         BRK
df36  00         BRK
df37  00         BRK
df38  00         BRK
df39  00         BRK
df3a  00         BRK
df3b  00         BRK
df3c  00         BRK
df3d  00         BRK
df3e  00         BRK
df3f  00         BRK
df40  00         BRK
df41  00         BRK
df42  00         BRK
df43  00         BRK
df44  00         BRK
df45  00         BRK
df46  00         BRK
df47  00         BRK
df48  00         BRK
df49  00         BRK
df4a  00         BRK
df4b  00         BRK
df4c  00         BRK
df4d  00         BRK
df4e  00         BRK
df4f  00         BRK
df50  00         BRK
df51  00         BRK
df52  00         BRK
df53  00         BRK
df54  00         BRK
df55  00         BRK
df56  00         BRK
df57  00         BRK
df58  00         BRK
df59  00         BRK
df5a  00         BRK
df5b  00         BRK
df5c  00         BRK
df5d  00         BRK
df5e  00         BRK
df5f  00         BRK
df60  00         BRK
df61  00         BRK
df62  00         BRK
df63  00         BRK
df64  00         BRK
df65  00         BRK
df66  00         BRK
df67  00         BRK
df68  00         BRK
df69  00         BRK
df6a  00         BRK
df6b  00         BRK
df6c  00         BRK
df6d  00         BRK
df6e  00         BRK
df6f  00         BRK
df70  00         BRK
df71  00         BRK
df72  00         BRK
df73  00         BRK
df74  00         BRK
df75  00         BRK
df76  00         BRK
df77  00         BRK
df78  00         BRK
df79  00         BRK
df7a  00         BRK
df7b  00         BRK
df7c  00         BRK
df7d  00         BRK
df7e  00         BRK
df7f  00         BRK
df80  00         BRK
df81  00         BRK
df82  00         BRK
df83  00         BRK
df84  00         BRK
df85  00         BRK
df86  00         BRK
df87  00         BRK
df88  00         BRK
df89  00         BRK
df8a  00         BRK
df8b  00         BRK
df8c  00         BRK
df8d  00         BRK
df8e  00         BRK
df8f  00         BRK
df90  00         BRK
df91  00         BRK
df92  00         BRK
df93  00         BRK
df94  00         BRK
df95  00         BRK
df96  00         BRK
df97  00         BRK
df98  00         BRK
df99  00         BRK
df9a  00         BRK
df9b  00         BRK
df9c  00         BRK
df9d  00         BRK
df9e  00         BRK
df9f  00         BRK
dfa0  00         BRK
dfa1  00         BRK
dfa2  00         BRK
dfa3  00         BRK
dfa4  00         BRK
dfa5  00         BRK
dfa6  00         BRK
dfa7  00         BRK
dfa8  00         BRK
dfa9  00         BRK
dfaa  00         BRK
dfab  00         BRK
dfac  00         BRK
dfad  00         BRK
dfae  00         BRK
dfaf  00         BRK
dfb0  00         BRK
dfb1  00         BRK
dfb2  00         BRK
dfb3  00         BRK
dfb4  00         BRK
dfb5  00         BRK
dfb6  00         BRK
dfb7  00         BRK
dfb8  00         BRK
dfb9  00         BRK
dfba  00         BRK
dfbb  00         BRK
dfbc  00         BRK
dfbd  00         BRK
dfbe  00         BRK
dfbf  00         BRK
dfc0  00         BRK
dfc1  00         BRK
dfc2  00         BRK
dfc3  00         BRK
dfc4  00         BRK
dfc5  00         BRK
dfc6  00         BRK
dfc7  00         BRK
dfc8  00         BRK
dfc9  00         BRK
dfca  00         BRK
dfcb  00         BRK
dfcc  00         BRK
dfcd  00         BRK
dfce  00         BRK
dfcf  00         BRK
dfd0  00         BRK
dfd1  00         BRK
dfd2  00         BRK
dfd3  00         BRK
dfd4  00         BRK
dfd5  00         BRK
dfd6  00         BRK
dfd7  00         BRK
dfd8  00         BRK
dfd9  00         BRK
dfda  00         BRK
dfdb  00         BRK
dfdc  00         BRK
dfdd  00         BRK
dfde  00         BRK
dfdf  00         BRK
dfe0  00         BRK
dfe1  00         BRK
dfe2  00         BRK
dfe3  00         BRK
dfe4  00         BRK
dfe5  00         BRK
dfe6  00         BRK
dfe7  00         BRK
dfe8  00         BRK
dfe9  00         BRK
dfea  00         BRK
dfeb  00         BRK
dfec  00         BRK
dfed  00         BRK
dfee  00         BRK
dfef  00         BRK
dff0  00         BRK
dff1  00         BRK
dff2  00         BRK
dff3  00         BRK
dff4  00         BRK
dff5  00         BRK
dff6  00         BRK
dff7  00         BRK
dff8  00         BRK
dff9  00         BRK
dffa  00         BRK
dffb  00         BRK
dffc  00         BRK
dffd  00         BRK
dffe  00         BRK
dfff  00         BRK
e000  00         BRK
e001  00         BRK
e002  00         BRK
e003  00         BRK
e004  00         BRK
e005  00         BRK
e006  00         BRK
e007  00         BRK
e008  00         BRK
e009  00         BRK
e00a  00         BRK
e00b  00         BRK
e00c  00         BRK
e00d  00         BRK
e00e  00         BRK
e00f  00         BRK
e010  00         BRK
e011  00         BRK
e012  00         BRK
e013  00         BRK
e014  00         BRK
e015  00         BRK
e016  00         BRK
e017  00         BRK
e018  00         BRK
e019  00         BRK
e01a  00         BRK
e01b  00         BRK
e01c  00         BRK
e01d  00         BRK
e01e  00         BRK
e01f  00         BRK
e020  00         BRK
e021  00         BRK
e022  00         BRK
e023  00         BRK
e024  00         BRK
e025  00         BRK
e026  00         BRK
e027  00         BRK
e028  00         BRK
e029  00         BRK
e02a  00         BRK
e02b  00         BRK
e02c  00         BRK
e02d  00         BRK
e02e  00         BRK
e02f  00         BRK
e030  00         BRK
e031  00         BRK
e032  00         BRK
e033  00         BRK
e034  00         BRK
e035  00         BRK
e036  00         BRK
e037  00         BRK
e038  00         BRK
e039  00         BRK
e03a  00         BRK
e03b  00         BRK
e03c  00         BRK
e03d  00         BRK
e03e  00         BRK
e03f  00         BRK
e040  00         BRK
e041  00         BRK
e042  00         BRK
e043  00         BRK
e044  00         BRK
e045  00         BRK
e046  00         BRK
e047  00         BRK
e048  00         BRK
e049  00         BRK
e04a  00         BRK
e04b  00         BRK
e04c  00         BRK
e04d  00         BRK
e04e  00         BRK
e04f  00         BRK
e050  00         BRK
e051  00         BRK
e052  00         BRK
e053  00         BRK
e054  00         BRK
e055  00         BRK
e056  00         BRK
e057  00         BRK
e058  00         BRK
e059  00         BRK
e05a  00         BRK
e05b  00         BRK
e05c  00         BRK
e05d  00         BRK
e05e  00         BRK
e05f  00         BRK
e060  00         BRK
e061  00         BRK
e062  00         BRK
e063  00         BRK
e064  00         BRK
e065  00         BRK
e066  00         BRK
e067  00         BRK
e068  00         BRK
e069  00         BRK
e06a  00         BRK
e06b  00         BRK
e06c  00         BRK
e06d  00         BRK
e06e  00         BRK
e06f  00         BRK
e070  00         BRK
e071  00         BRK
e072  00         BRK
e073  00         BRK
e074  00         BRK
e075  00         BRK
e076  00         BRK
e077  00         BRK
e078  00         BRK
e079  00         BRK
e07a  00         BRK
e07b  00         BRK
e07c  00         BRK
e07d  00         BRK
e07e  00         BRK
e07f  00         BRK
e080  00         BRK
e081  00         BRK
e082  00         BRK
e083  00         BRK
e084  00         BRK
e085  00         BRK
e086  00         BRK
e087  00         BRK
e088  00         BRK
e089  00         BRK
e08a  00         BRK
e08b  00         BRK
e08c  00         BRK
e08d  00         BRK
e08e  00         BRK
e08f  00         BRK
e090  00         BRK
e091  00         BRK
e092  00         BRK
e093  00         BRK
e094  00         BRK
e095  00         BRK
e096  00         BRK
e097  00         BRK
e098  00         BRK
e099  00         BRK
e09a  00         BRK
e09b  00         BRK
e09c  00         BRK
e09d  00         BRK
e09e  00         BRK
e09f  00         BRK
e0a0  00         BRK
e0a1  00         BRK
e0a2  00         BRK
e0a3  00         BRK
e0a4  00         BRK
e0a5  00         BRK
e0a6  00         BRK
e0a7  00         BRK
e0a8  00         BRK
e0a9  00         BRK
e0aa  00         BRK
e0ab  00         BRK
e0ac  00         BRK
e0ad  00         BRK
e0ae  00         BRK
e0af  00         BRK
e0b0  00         BRK
e0b1  00         BRK
e0b2  00         BRK
e0b3  00         BRK
e0b4  00         BRK
e0b5  00         BRK
e0b6  00         BRK
e0b7  00         BRK
e0b8  00         BRK
e0b9  00         BRK
e0ba  00         BRK
e0bb  00         BRK
e0bc  00         BRK
e0bd  00         BRK
e0be  00         BRK
e0bf  00         BRK
e0c0  00         BRK
e0c1  00         BRK
e0c2  00         BRK
e0c3  00         BRK
e0c4  00         BRK
e0c5  00         BRK
e0c6  00         BRK
e0c7  00         BRK
e0c8  00         BRK
e0c9  00         BRK
e0ca  00         BRK
e0cb  00         BRK
e0cc  00         BRK
e0cd  00         BRK
e0ce  00         BRK
e0cf  00         BRK
e0d0  00         BRK
e0d1  00         BRK
e0d2  00         BRK
e0d3  00         BRK
e0d4  00         BRK
e0d5  00         BRK
e0d6  00         BRK
e0d7  00         BRK
e0d8  00         BRK
e0d9  00         BRK
e0da  00         BRK
e0db  00         BRK
e0dc  00         BRK
e0dd  00         BRK
e0de  00         BRK
e0df  00         BRK
e0e0  00         BRK
e0e1  00         BRK
e0e2  00         BRK
e0e3  00         BRK
e0e4  00         BRK
e0e5  00         BRK
e0e6  00         BRK
e0e7  00         BRK
e0e8  00         BRK
e0e9  00         BRK
e0ea  00         BRK
e0eb  00         BRK
e0ec  00         BRK
e0ed  00         BRK
e0ee  00         BRK
e0ef  00         BRK
e0f0  00         BRK
e0f1  00         BRK
e0f2  00         BRK
e0f3  00         BRK
e0f4  00         BRK
e0f5  00         BRK
e0f6  00         BRK
e0f7  00         BRK
e0f8  00         BRK
e0f9  00         BRK
e0fa  00         BRK
e0fb  00         BRK
e0fc  00         BRK
e0fd  00         BRK
e0fe  00         BRK
e0ff  00         BRK
e100  00         BRK
e101  00         BRK
e102  00         BRK
e103  00         BRK
e104  00         BRK
e105  00         BRK
e106  00         BRK
e107  00         BRK
e108  00         BRK
e109  00         BRK
e10a  00         BRK
e10b  00         BRK
e10c  00         BRK
e10d  00         BRK
e10e  00         BRK
e10f  00         BRK
e110  00         BRK
e111  00         BRK
e112  00         BRK
e113  00         BRK
e114  00         BRK
e115  00         BRK
e116  00         BRK
e117  00         BRK
e118  00         BRK
e119  00         BRK
e11a  00         BRK
e11b  00         BRK
e11c  00         BRK
e11d  00         BRK
e11e  00         BRK
e11f  00         BRK
e120  00         BRK
e121  00         BRK
e122  00         BRK
e123  00         BRK
e124  00         BRK
e125  00         BRK
e126  00         BRK
e127  00         BRK
e128  00         BRK
e129  00         BRK
e12a  00         BRK
e12b  00         BRK
e12c  00         BRK
e12d  00         BRK
e12e  00         BRK
e12f  00         BRK
e130  00         BRK
e131  00         BRK
e132  00         BRK
e133  00         BRK
e134  00         BRK
e135  00         BRK
e136  00         BRK
e137  00         BRK
e138  00         BRK
e139  00         BRK
e13a  00         BRK
e13b  00         BRK
e13c  00         BRK
e13d  00         BRK
e13e  00         BRK
e13f  00         BRK
e140  00         BRK
e141  00         BRK
e142  00         BRK
e143  00         BRK
e144  00         BRK
e145  00         BRK
e146  00         BRK
e147  00         BRK
e148  00         BRK
e149  00         BRK
e14a  00         BRK
e14b  00         BRK
e14c  00         BRK
e14d  00         BRK
e14e  00         BRK
e14f  00         BRK
e150  00         BRK
e151  00         BRK
e152  00         BRK
e153  00         BRK
e154  00         BRK
e155  00         BRK
e156  00         BRK
e157  00         BRK
e158  00         BRK
e159  00         BRK
e15a  00         BRK
e15b  00         BRK
e15c  00         BRK
e15d  00         BRK
e15e  00         BRK
e15f  00         BRK
e160  00         BRK
e161  00         BRK
e162  00         BRK
e163  00         BRK
e164  00         BRK
e165  00         BRK
e166  00         BRK
e167  00         BRK
e168  00         BRK
e169  00         BRK
e16a  00         BRK
e16b  00         BRK
e16c  00         BRK
e16d  00         BRK
e16e  00         BRK
e16f  00         BRK
e170  00         BRK
e171  00         BRK
e172  00         BRK
e173  00         BRK
e174  00         BRK
e175  00         BRK
e176  00         BRK
e177  00         BRK
e178  00         BRK
e179  00         BRK
e17a  00         BRK
e17b  00         BRK
e17c  00         BRK
e17d  00         BRK
e17e  00         BRK
e17f  00         BRK
e180  00         BRK
e181  00         BRK
e182  00         BRK
e183  00         BRK
e184  00         BRK
e185  00         BRK
e186  00         BRK
e187  00         BRK
e188  00         BRK
e189  00         BRK
e18a  00         BRK
e18b  00         BRK
e18c  00         BRK
e18d  00         BRK
e18e  00         BRK
e18f  00         BRK
e190  00         BRK
e191  00         BRK
e192  00         BRK
e193  00         BRK
e194  00         BRK
e195  00         BRK
e196  00         BRK
e197  00         BRK
e198  00         BRK
e199  00         BRK
e19a  00         BRK
e19b  00         BRK
e19c  00         BRK
e19d  00         BRK
e19e  00         BRK
e19f  00         BRK
e1a0  00         BRK
e1a1  00         BRK
e1a2  00         BRK
e1a3  00         BRK
e1a4  00         BRK
e1a5  00         BRK
e1a6  00         BRK
e1a7  00         BRK
e1a8  00         BRK
e1a9  00         BRK
e1aa  00         BRK
e1ab  00         BRK
e1ac  00         BRK
e1ad  00         BRK
e1ae  00         BRK
e1af  00         BRK
e1b0  00         BRK
e1b1  00         BRK
e1b2  00         BRK
e1b3  00         BRK
e1b4  00         BRK
e1b5  00         BRK
e1b6  00         BRK
e1b7  00         BRK
e1b8  00         BRK
e1b9  00         BRK
e1ba  00         BRK
e1bb  00         BRK
e1bc  00         BRK
e1bd  00         BRK
e1be  00         BRK
e1bf  00         BRK
e1c0  00         BRK
e1c1  00         BRK
e1c2  00         BRK
e1c3  00         BRK
e1c4  00         BRK
e1c5  00         BRK
e1c6  00         BRK
e1c7  00         BRK
e1c8  00         BRK
e1c9  00         BRK
e1ca  00         BRK
e1cb  00         BRK
e1cc  00         BRK
e1cd  00         BRK
e1ce  00         BRK
e1cf  00         BRK
e1d0  00         BRK
e1d1  00         BRK
e1d2  00         BRK
e1d3  00         BRK
e1d4  00         BRK
e1d5  00         BRK
e1d6  00         BRK
e1d7  00         BRK
e1d8  00         BRK
e1d9  00         BRK
e1da  00         BRK
e1db  00         BRK
e1dc  00         BRK
e1dd  00         BRK
e1de  00         BRK
e1df  00         BRK
e1e0  00         BRK
e1e1  00         BRK
e1e2  00         BRK
e1e3  00         BRK
e1e4  00         BRK
e1e5  00         BRK
e1e6  00         BRK
e1e7  00         BRK
e1e8  00         BRK
e1e9  00         BRK
e1ea  00         BRK
e1eb  00         BRK
e1ec  00         BRK
e1ed  00         BRK
e1ee  00         BRK
e1ef  00         BRK
e1f0  00         BRK
e1f1  00         BRK
e1f2  00         BRK
e1f3  00         BRK
e1f4  00         BRK
e1f5  00         BRK
e1f6  00         BRK
e1f7  00         BRK
e1f8  00         BRK
e1f9  00         BRK
e1fa  00         BRK
e1fb  00         BRK
e1fc  00         BRK
e1fd  00         BRK
e1fe  00         BRK
e1ff  00         BRK
e200  00         BRK
e201  00         BRK
e202  00         BRK
e203  00         BRK
e204  00         BRK
e205  00         BRK
e206  00         BRK
e207  00         BRK
e208  00         BRK
e209  00         BRK
e20a  00         BRK
e20b  00         BRK
e20c  00         BRK
e20d  00         BRK
e20e  00         BRK
e20f  00         BRK
e210  00         BRK
e211  00         BRK
e212  00         BRK
e213  00         BRK
e214  00         BRK
e215  00         BRK
e216  00         BRK
e217  00         BRK
e218  00         BRK
e219  00         BRK
e21a  00         BRK
e21b  00         BRK
e21c  00         BRK
e21d  00         BRK
e21e  00         BRK
e21f  00         BRK
e220  00         BRK
e221  00         BRK
e222  00         BRK
e223  00         BRK
e224  00         BRK
e225  00         BRK
e226  00         BRK
e227  00         BRK
e228  00         BRK
e229  00         BRK
e22a  00         BRK
e22b  00         BRK
e22c  00         BRK
e22d  00         BRK
e22e  00         BRK
e22f  00         BRK
e230  00         BRK
e231  00         BRK
e232  00         BRK
e233  00         BRK
e234  00         BRK
e235  00         BRK
e236  00         BRK
e237  00         BRK
e238  00         BRK
e239  00         BRK
e23a  00         BRK
e23b  00         BRK
e23c  00         BRK
e23d  00         BRK
e23e  00         BRK
e23f  00         BRK
e240  00         BRK
e241  00         BRK
e242  00         BRK
e243  00         BRK
e244  00         BRK
e245  00         BRK
e246  00         BRK
e247  00         BRK
e248  00         BRK
e249  00         BRK
e24a  00         BRK
e24b  00         BRK
e24c  00         BRK
e24d  00         BRK
e24e  00         BRK
e24f  00         BRK
e250  00         BRK
e251  00         BRK
e252  00         BRK
e253  00         BRK
e254  00         BRK
e255  00         BRK
e256  00         BRK
e257  00         BRK
e258  00         BRK
e259  00         BRK
e25a  00         BRK
e25b  00         BRK
e25c  00         BRK
e25d  00         BRK
e25e  00         BRK
e25f  00         BRK
e260  00         BRK
e261  00         BRK
e262  00         BRK
e263  00         BRK
e264  00         BRK
e265  00         BRK
e266  00         BRK
e267  00         BRK
e268  00         BRK
e269  00         BRK
e26a  00         BRK
e26b  00         BRK
e26c  00         BRK
e26d  00         BRK
e26e  00         BRK
e26f  00         BRK
e270  00         BRK
e271  00         BRK
e272  00         BRK
e273  00         BRK
e274  00         BRK
e275  00         BRK
e276  00         BRK
e277  00         BRK
e278  00         BRK
e279  00         BRK
e27a  00         BRK
e27b  00         BRK
e27c  00         BRK
e27d  00         BRK
e27e  00         BRK
e27f  00         BRK
e280  00         BRK
e281  00         BRK
e282  00         BRK
e283  00         BRK
e284  00         BRK
e285  00         BRK
e286  00         BRK
e287  00         BRK
e288  00         BRK
e289  00         BRK
e28a  00         BRK
e28b  00         BRK
e28c  00         BRK
e28d  00         BRK
e28e  00         BRK
e28f  00         BRK
e290  00         BRK
e291  00         BRK
e292  00         BRK
e293  00         BRK
e294  00         BRK
e295  00         BRK
e296  00         BRK
e297  00         BRK
e298  00         BRK
e299  00         BRK
e29a  00         BRK
e29b  00         BRK
e29c  00         BRK
e29d  00         BRK
e29e  00         BRK
e29f  00         BRK
e2a0  00         BRK
e2a1  00         BRK
e2a2  00         BRK
e2a3  00         BRK
e2a4  00         BRK
e2a5  00         BRK
e2a6  00         BRK
e2a7  00         BRK
e2a8  00         BRK
e2a9  00         BRK
e2aa  00         BRK
e2ab  00         BRK
e2ac  00         BRK
e2ad  00         BRK
e2ae  00         BRK
e2af  00         BRK
e2b0  00         BRK
e2b1  00         BRK
e2b2  00         BRK
e2b3  00         BRK
e2b4  00         BRK
e2b5  00         BRK
e2b6  00         BRK
e2b7  00         BRK
e2b8  00         BRK
e2b9  00         BRK
e2ba  00         BRK
e2bb  00         BRK
e2bc  00         BRK
e2bd  00         BRK
e2be  00         BRK
e2bf  00         BRK
e2c0  00         BRK
e2c1  00         BRK
e2c2  00         BRK
e2c3  00         BRK
e2c4  00         BRK
e2c5  00         BRK
e2c6  00         BRK
e2c7  00         BRK
e2c8  00         BRK
e2c9  00         BRK
e2ca  00         BRK
e2cb  00         BRK
e2cc  00         BRK
e2cd  00         BRK
e2ce  00         BRK
e2cf  00         BRK
e2d0  00         BRK
e2d1  00         BRK
e2d2  00         BRK
e2d3  00         BRK
e2d4  00         BRK
e2d5  00         BRK
e2d6  00         BRK
e2d7  00         BRK
e2d8  00         BRK
e2d9  00         BRK
e2da  00         BRK
e2db  00         BRK
e2dc  00         BRK
e2dd  00         BRK
e2de  00         BRK
e2df  00         BRK
e2e0  00         BRK
e2e1  00         BRK
e2e2  00         BRK
e2e3  00         BRK
e2e4  00         BRK
e2e5  00         BRK
e2e6  00         BRK
e2e7  00         BRK
e2e8  00         BRK
e2e9  00         BRK
e2ea  00         BRK
e2eb  00         BRK
e2ec  00         BRK
e2ed  00         BRK
e2ee  00         BRK
e2ef  00         BRK
e2f0  00         BRK
e2f1  00         BRK
e2f2  00         BRK
e2f3  00         BRK
e2f4  00         BRK
e2f5  00         BRK
e2f6  00         BRK
e2f7  00         BRK
e2f8  00         BRK
e2f9  00         BRK
e2fa  00         BRK
e2fb  00         BRK
e2fc  00         BRK
e2fd  00         BRK
e2fe  00         BRK
e2ff  00         BRK
e300  00         BRK
e301  00         BRK
e302  00         BRK
e303  00         BRK
e304  00         BRK
e305  00         BRK
e306  00         BRK
e307  00         BRK
e308  00         BRK
e309  00         BRK
e30a  00         BRK
e30b  00         BRK
e30c  00         BRK
e30d  00         BRK
e30e  00         BRK
e30f  00         BRK
e310  00         BRK
e311  00         BRK
e312  00         BRK
e313  00         BRK
e314  00         BRK
e315  00         BRK
e316  00         BRK
e317  00         BRK
e318  00         BRK
e319  00         BRK
e31a  00         BRK
e31b  00         BRK
e31c  00         BRK
e31d  00         BRK
e31e  00         BRK
e31f  00         BRK
e320  00         BRK
e321  00         BRK
e322  00         BRK
e323  00         BRK
e324  00         BRK
e325  00         BRK
e326  00         BRK
e327  00         BRK
e328  00         BRK
e329  00         BRK
e32a  00         BRK
e32b  00         BRK
e32c  00         BRK
e32d  00         BRK
e32e  00         BRK
e32f  00         BRK
e330  00         BRK
e331  00         BRK
e332  00         BRK
e333  00         BRK
e334  00         BRK
e335  00         BRK
e336  00         BRK
e337  00         BRK
e338  00         BRK
e339  00         BRK
e33a  00         BRK
e33b  00         BRK
e33c  00         BRK
e33d  00         BRK
e33e  00         BRK
e33f  00         BRK
e340  00         BRK
e341  00         BRK
e342  00         BRK
e343  00         BRK
e344  00         BRK
e345  00         BRK
e346  00         BRK
e347  00         BRK
e348  00         BRK
e349  00         BRK
e34a  00         BRK
e34b  00         BRK
e34c  00         BRK
e34d  00         BRK
e34e  00         BRK
e34f  00         BRK
e350  00         BRK
e351  00         BRK
e352  00         BRK
e353  00         BRK
e354  00         BRK
e355  00         BRK
e356  00         BRK
e357  00         BRK
e358  00         BRK
e359  00         BRK
e35a  00         BRK
e35b  00         BRK
e35c  00         BRK
e35d  00         BRK
e35e  00         BRK
e35f  00         BRK
e360  00         BRK
e361  00         BRK
e362  00         BRK
e363  00         BRK
e364  00         BRK
e365  00         BRK
e366  00         BRK
e367  00         BRK
e368  00         BRK
e369  00         BRK
e36a  00         BRK
e36b  00         BRK
e36c  00         BRK
e36d  00         BRK
e36e  00         BRK
e36f  00         BRK
e370  00         BRK
e371  00         BRK
e372  00         BRK
e373  00         BRK
e374  00         BRK
e375  00         BRK
e376  00         BRK
e377  00         BRK
e378  00         BRK
e379  00         BRK
e37a  00         BRK
e37b  00         BRK
e37c  00         BRK
e37d  00         BRK
e37e  00         BRK
e37f  00         BRK
e380  00         BRK
e381  00         BRK
e382  00         BRK
e383  00         BRK
e384  00         BRK
e385  00         BRK
e386  00         BRK
e387  00         BRK
e388  00         BRK
e389  00         BRK
e38a  00         BRK
e38b  00         BRK
e38c  00         BRK
e38d  00         BRK
e38e  00         BRK
e38f  00         BRK
e390  00         BRK
e391  00         BRK
e392  00         BRK
e393  00         BRK
e394  00         BRK
e395  00         BRK
e396  00         BRK
e397  00         BRK
e398  00         BRK
e399  00         BRK
e39a  00         BRK
e39b  00         BRK
e39c  00         BRK
e39d  00         BRK
e39e  00         BRK
e39f  00         BRK
e3a0  00         BRK
e3a1  00         BRK
e3a2  00         BRK
e3a3  00         BRK
e3a4  00         BRK
e3a5  00         BRK
e3a6  00         BRK
e3a7  00         BRK
e3a8  00         BRK
e3a9  00         BRK
e3aa  00         BRK
e3ab  00         BRK
e3ac  00         BRK
e3ad  00         BRK
e3ae  00         BRK
e3af  00         BRK
e3b0  00         BRK
e3b1  00         BRK
e3b2  00         BRK
e3b3  00         BRK
e3b4  00         BRK
e3b5  00         BRK
e3b6  00         BRK
e3b7  00         BRK
e3b8  00         BRK
e3b9  00         BRK
e3ba  00         BRK
e3bb  00         BRK
e3bc  00         BRK
e3bd  00         BRK
e3be  00         BRK
e3bf  00         BRK
e3c0  00         BRK
e3c1  00         BRK
e3c2  00         BRK
e3c3  00         BRK
e3c4  00         BRK
e3c5  00         BRK
e3c6  00         BRK
e3c7  00         BRK
e3c8  00         BRK
e3c9  00         BRK
e3ca  00         BRK
e3cb  00         BRK
e3cc  00         BRK
e3cd  00         BRK
e3ce  00         BRK
e3cf  00         BRK
e3d0  00         BRK
e3d1  00         BRK
e3d2  00         BRK
e3d3  00         BRK
e3d4  00         BRK
e3d5  00         BRK
e3d6  00         BRK
e3d7  00         BRK
e3d8  00         BRK
e3d9  00         BRK
e3da  00         BRK
e3db  00         BRK
e3dc  00         BRK
e3dd  00         BRK
e3de  00         BRK
e3df  00         BRK
e3e0  00         BRK
e3e1  00         BRK
e3e2  00         BRK
e3e3  00         BRK
e3e4  00         BRK
e3e5  00         BRK
e3e6  00         BRK
e3e7  00         BRK
e3e8  00         BRK
e3e9  00         BRK
e3ea  00         BRK
e3eb  00         BRK
e3ec  00         BRK
e3ed  00         BRK
e3ee  00         BRK
e3ef  00         BRK
e3f0  00         BRK
e3f1  00         BRK
e3f2  00         BRK
e3f3  00         BRK
e3f4  00         BRK
e3f5  00         BRK
e3f6  00         BRK
e3f7  00         BRK
e3f8  00         BRK
e3f9  00         BRK
e3fa  00         BRK
e3fb  00         BRK
e3fc  00         BRK
e3fd  00         BRK
e3fe  00         BRK
e3ff  00         BRK
e400  00         BRK
e401  00         BRK
e402  00         BRK
e403  00         BRK
e404  00         BRK
e405  00         BRK
e406  00         BRK
e407  00         BRK
e408  00         BRK
e409  00         BRK
e40a  00         BRK
e40b  00         BRK
e40c  00         BRK
e40d  00         BRK
e40e  00         BRK
e40f  00         BRK
e410  00         BRK
e411  00         BRK
e412  00         BRK
e413  00         BRK
e414  00         BRK
e415  00         BRK
e416  00         BRK
e417  00         BRK
e418  00         BRK
e419  00         BRK
e41a  00         BRK
e41b  00         BRK
e41c  00         BRK
e41d  00         BRK
e41e  00         BRK
e41f  00         BRK
e420  00         BRK
e421  00         BRK
e422  00         BRK
e423  00         BRK
e424  00         BRK
e425  00         BRK
e426  00         BRK
e427  00         BRK
e428  00         BRK
e429  00         BRK
e42a  00         BRK
e42b  00         BRK
e42c  00         BRK
e42d  00         BRK
e42e  00         BRK
e42f  00         BRK
e430  00         BRK
e431  00         BRK
e432  00         BRK
e433  00         BRK
e434  00         BRK
e435  00         BRK
e436  00         BRK
e437  00         BRK
e438  00         BRK
e439  00         BRK
e43a  00         BRK
e43b  00         BRK
e43c  00         BRK
e43d  00         BRK
e43e  00         BRK
e43f  00         BRK
e440  00         BRK
e441  00         BRK
e442  00         BRK
e443  00         BRK
e444  00         BRK
e445  00         BRK
e446  00         BRK
e447  00         BRK
e448  00         BRK
e449  00         BRK
e44a  00         BRK
e44b  00         BRK
e44c  00         BRK
e44d  00         BRK
e44e  00         BRK
e44f  00         BRK
e450  00         BRK
e451  00         BRK
e452  00         BRK
e453  00         BRK
e454  00         BRK
e455  00         BRK
e456  00         BRK
e457  00         BRK
e458  00         BRK
e459  00         BRK
e45a  00         BRK
e45b  00         BRK
e45c  00         BRK
e45d  00         BRK
e45e  00         BRK
e45f  00         BRK
e460  00         BRK
e461  00         BRK
e462  00         BRK
e463  00         BRK
e464  00         BRK
e465  00         BRK
e466  00         BRK
e467  00         BRK
e468  00         BRK
e469  00         BRK
e46a  00         BRK
e46b  00         BRK
e46c  00         BRK
e46d  00         BRK
e46e  00         BRK
e46f  00         BRK
e470  00         BRK
e471  00         BRK
e472  00         BRK
e473  00         BRK
e474  00         BRK
e475  00         BRK
e476  00         BRK
e477  00         BRK
e478  00         BRK
e479  00         BRK
e47a  00         BRK
e47b  00         BRK
e47c  00         BRK
e47d  00         BRK
e47e  00         BRK
e47f  00         BRK
e480  00         BRK
e481  00         BRK
e482  00         BRK
e483  00         BRK
e484  00         BRK
e485  00         BRK
e486  00         BRK
e487  00         BRK
e488  00         BRK
e489  00         BRK
e48a  00         BRK
e48b  00         BRK
e48c  00         BRK
e48d  00         BRK
e48e  00         BRK
e48f  00         BRK
e490  00         BRK
e491  00         BRK
e492  00         BRK
e493  00         BRK
e494  00         BRK
e495  00         BRK
e496  00         BRK
e497  00         BRK
e498  00         BRK
e499  00         BRK
e49a  00         BRK
e49b  00         BRK
e49c  00         BRK
e49d  00         BRK
e49e  00         BRK
e49f  00         BRK
e4a0  00         BRK
e4a1  00         BRK
e4a2  00         BRK
e4a3  00         BRK
e4a4  00         BRK
e4a5  00         BRK
e4a6  00         BRK
e4a7  00         BRK
e4a8  00         BRK
e4a9  00         BRK
e4aa  00         BRK
e4ab  00         BRK
e4ac  00         BRK
e4ad  00         BRK
e4ae  00         BRK
e4af  00         BRK
e4b0  00         BRK
e4b1  00         BRK
e4b2  00         BRK
e4b3  00         BRK
e4b4  00         BRK
e4b5  00         BRK
e4b6  00         BRK
e4b7  00         BRK
e4b8  00         BRK
e4b9  00         BRK
e4ba  00         BRK
e4bb  00         BRK
e4bc  00         BRK
e4bd  00         BRK
e4be  00         BRK
e4bf  00         BRK
e4c0  00         BRK
e4c1  00         BRK
e4c2  00         BRK
e4c3  00         BRK
e4c4  00         BRK
e4c5  00         BRK
e4c6  00         BRK
e4c7  00         BRK
e4c8  00         BRK
e4c9  00         BRK
e4ca  00         BRK
e4cb  00         BRK
e4cc  00         BRK
e4cd  00         BRK
e4ce  00         BRK
e4cf  00         BRK
e4d0  00         BRK
e4d1  00         BRK
e4d2  00         BRK
e4d3  00         BRK
e4d4  00         BRK
e4d5  00         BRK
e4d6  00         BRK
e4d7  00         BRK
e4d8  00         BRK
e4d9  00         BRK
e4da  00         BRK
e4db  00         BRK
e4dc  00         BRK
e4dd  00         BRK
e4de  00         BRK
e4df  00         BRK
e4e0  00         BRK
e4e1  00         BRK
e4e2  00         BRK
e4e3  00         BRK
e4e4  00         BRK
e4e5  00         BRK
e4e6  00         BRK
e4e7  00         BRK
e4e8  00         BRK
e4e9  00         BRK
e4ea  00         BRK
e4eb  00         BRK
e4ec  00         BRK
e4ed  00         BRK
e4ee  00         BRK
e4ef  00         BRK
e4f0  00         BRK
e4f1  00         BRK
e4f2  00         BRK
e4f3  00         BRK
e4f4  00         BRK
e4f5  00         BRK
e4f6  00         BRK
e4f7  00         BRK
e4f8  00         BRK
e4f9  00         BRK
e4fa  00         BRK
e4fb  00         BRK
e4fc  00         BRK
e4fd  00         BRK
e4fe  00         BRK
e4ff  00         BRK
e500  00         BRK
e501  00         BRK
e502  00         BRK
e503  00         BRK
e504  00         BRK
e505  00         BRK
e506  00         BRK
e507  00         BRK
e508  00         BRK
e509  00         BRK
e50a  00         BRK
e50b  00         BRK
e50c  00         BRK
e50d  00         BRK
e50e  00         BRK
e50f  00         BRK
e510  00         BRK
e511  00         BRK
e512  00         BRK
e513  00         BRK
e514  00         BRK
e515  00         BRK
e516  00         BRK
e517  00         BRK
e518  00         BRK
e519  00         BRK
e51a  00         BRK
e51b  00         BRK
e51c  00         BRK
e51d  00         BRK
e51e  00         BRK
e51f  00         BRK
e520  00         BRK
e521  00         BRK
e522  00         BRK
e523  00         BRK
e524  00         BRK
e525  00         BRK
e526  00         BRK
e527  00         BRK
e528  00         BRK
e529  00         BRK
e52a  00         BRK
e52b  00         BRK
e52c  00         BRK
e52d  00         BRK
e52e  00         BRK
e52f  00         BRK
e530  00         BRK
e531  00         BRK
e532  00         BRK
e533  00         BRK
e534  00         BRK
e535  00         BRK
e536  00         BRK
e537  00         BRK
e538  00         BRK
e539  00         BRK
e53a  00         BRK
e53b  00         BRK
e53c  00         BRK
e53d  00         BRK
e53e  00         BRK
e53f  00         BRK
e540  00         BRK
e541  00         BRK
e542  00         BRK
e543  00         BRK
e544  00         BRK
e545  00         BRK
e546  00         BRK
e547  00         BRK
e548  00         BRK
e549  00         BRK
e54a  00         BRK
e54b  00         BRK
e54c  00         BRK
e54d  00         BRK
e54e  00         BRK
e54f  00         BRK
e550  00         BRK
e551  00         BRK
e552  00         BRK
e553  00         BRK
e554  00         BRK
e555  00         BRK
e556  00         BRK
e557  00         BRK
e558  00         BRK
e559  00         BRK
e55a  00         BRK
e55b  00         BRK
e55c  00         BRK
e55d  00         BRK
e55e  00         BRK
e55f  00         BRK
e560  00         BRK
e561  00         BRK
e562  00         BRK
e563  00         BRK
e564  00         BRK
e565  00         BRK
e566  00         BRK
e567  00         BRK
e568  00         BRK
e569  00         BRK
e56a  00         BRK
e56b  00         BRK
e56c  00         BRK
e56d  00         BRK
e56e  00         BRK
e56f  00         BRK
e570  00         BRK
e571  00         BRK
e572  00         BRK
e573  00         BRK
e574  00         BRK
e575  00         BRK
e576  00         BRK
e577  00         BRK
e578  00         BRK
e579  00         BRK
e57a  00         BRK
e57b  00         BRK
e57c  00         BRK
e57d  00         BRK
e57e  00         BRK
e57f  00         BRK
e580  00         BRK
e581  00         BRK
e582  00         BRK
e583  00         BRK
e584  00         BRK
e585  00         BRK
e586  00         BRK
e587  00         BRK
e588  00         BRK
e589  00         BRK
e58a  00         BRK
e58b  00         BRK
e58c  00         BRK
e58d  00         BRK
e58e  00         BRK
e58f  00         BRK
e590  00         BRK
e591  00         BRK
e592  00         BRK
e593  00         BRK
e594  00         BRK
e595  00         BRK
e596  00         BRK
e597  00         BRK
e598  00         BRK
e599  00         BRK
e59a  00         BRK
e59b  00         BRK
e59c  00         BRK
e59d  00         BRK
e59e  00         BRK
e59f  00         BRK
e5a0  00         BRK
e5a1  00         BRK
e5a2  00         BRK
e5a3  00         BRK
e5a4  00         BRK
e5a5  00         BRK
e5a6  00         BRK
e5a7  00         BRK
e5a8  00         BRK
e5a9  00         BRK
e5aa  00         BRK
e5ab  00         BRK
e5ac  00         BRK
e5ad  00         BRK
e5ae  00         BRK
e5af  00         BRK
e5b0  00         BRK
e5b1  00         BRK
e5b2  00         BRK
e5b3  00         BRK
e5b4  00         BRK
e5b5  00         BRK
e5b6  00         BRK
e5b7  00         BRK
e5b8  00         BRK
e5b9  00         BRK
e5ba  00         BRK
e5bb  00         BRK
e5bc  00         BRK
e5bd  00         BRK
e5be  00         BRK
e5bf  00         BRK
e5c0  00         BRK
e5c1  00         BRK
e5c2  00         BRK
e5c3  00         BRK
e5c4  00         BRK
e5c5  00         BRK
e5c6  00         BRK
e5c7  00         BRK
e5c8  00         BRK
e5c9  00         BRK
e5ca  00         BRK
e5cb  00         BRK
e5cc  00         BRK
e5cd  00         BRK
e5ce  00         BRK
e5cf  00         BRK
e5d0  00         BRK
e5d1  00         BRK
e5d2  00         BRK
e5d3  00         BRK
e5d4  00         BRK
e5d5  00         BRK
e5d6  00         BRK
e5d7  00         BRK
e5d8  00         BRK
e5d9  00         BRK
e5da  00         BRK
e5db  00         BRK
e5dc  00         BRK
e5dd  00         BRK
e5de  00         BRK
e5df  00         BRK
e5e0  00         BRK
e5e1  00         BRK
e5e2  00         BRK
e5e3  00         BRK
e5e4  00         BRK
e5e5  00         BRK
e5e6  00         BRK
e5e7  00         BRK
e5e8  00         BRK
e5e9  00         BRK
e5ea  00         BRK
e5eb  00         BRK
e5ec  00         BRK
e5ed  00         BRK
e5ee  00         BRK
e5ef  00         BRK
e5f0  00         BRK
e5f1  00         BRK
e5f2  00         BRK
e5f3  00         BRK
e5f4  00         BRK
e5f5  00         BRK
e5f6  00         BRK
e5f7  00         BRK
e5f8  00         BRK
e5f9  00         BRK
e5fa  00         BRK
e5fb  00         BRK
e5fc  00         BRK
e5fd  00         BRK
e5fe  00         BRK
e5ff  00         BRK
e600  00         BRK
e601  00         BRK
e602  00         BRK
e603  00         BRK
e604  00         BRK
e605  00         BRK
e606  00         BRK
e607  00         BRK
e608  00         BRK
e609  00         BRK
e60a  00         BRK
e60b  00         BRK
e60c  00         BRK
e60d  00         BRK
e60e  00         BRK
e60f  00         BRK
e610  00         BRK
e611  00         BRK
e612  00         BRK
e613  00         BRK
e614  00         BRK
e615  00         BRK
e616  00         BRK
e617  00         BRK
e618  00         BRK
e619  00         BRK
e61a  00         BRK
e61b  00         BRK
e61c  00         BRK
e61d  00         BRK
e61e  00         BRK
e61f  00         BRK
e620  00         BRK
e621  00         BRK
e622  00         BRK
e623  00         BRK
e624  00         BRK
e625  00         BRK
e626  00         BRK
e627  00         BRK
e628  00         BRK
e629  00         BRK
e62a  00         BRK
e62b  00         BRK
e62c  00         BRK
e62d  00         BRK
e62e  00         BRK
e62f  00         BRK
e630  00         BRK
e631  00         BRK
e632  00         BRK
e633  00         BRK
e634  00         BRK
e635  00         BRK
e636  00         BRK
e637  00         BRK
e638  00         BRK
e639  00         BRK
e63a  00         BRK
e63b  00         BRK
e63c  00         BRK
e63d  00         BRK
e63e  00         BRK
e63f  00         BRK
e640  00         BRK
e641  00         BRK
e642  00         BRK
e643  00         BRK
e644  00         BRK
e645  00         BRK
e646  00         BRK
e647  00         BRK
e648  00         BRK
e649  00         BRK
e64a  00         BRK
e64b  00         BRK
e64c  00         BRK
e64d  00         BRK
e64e  00         BRK
e64f  00         BRK
e650  00         BRK
e651  00         BRK
e652  00         BRK
e653  00         BRK
e654  00         BRK
e655  00         BRK
e656  00         BRK
e657  00         BRK
e658  00         BRK
e659  00         BRK
e65a  00         BRK
e65b  00         BRK
e65c  00         BRK
e65d  00         BRK
e65e  00         BRK
e65f  00         BRK
e660  00         BRK
e661  00         BRK
e662  00         BRK
e663  00         BRK
e664  00         BRK
e665  00         BRK
e666  00         BRK
e667  00         BRK
e668  00         BRK
e669  00         BRK
e66a  00         BRK
e66b  00         BRK
e66c  00         BRK
e66d  00         BRK
e66e  00         BRK
e66f  00         BRK
e670  00         BRK
e671  00         BRK
e672  00         BRK
e673  00         BRK
e674  00         BRK
e675  00         BRK
e676  00         BRK
e677  00         BRK
e678  00         BRK
e679  00         BRK
e67a  00         BRK
e67b  00         BRK
e67c  00         BRK
e67d  00         BRK
e67e  00         BRK
e67f  00         BRK
e680  00         BRK
e681  00         BRK
e682  00         BRK
e683  00         BRK
e684  00         BRK
e685  00         BRK
e686  00         BRK
e687  00         BRK
e688  00         BRK
e689  00         BRK
e68a  00         BRK
e68b  00         BRK
e68c  00         BRK
e68d  00         BRK
e68e  00         BRK
e68f  00         BRK
e690  00         BRK
e691  00         BRK
e692  00         BRK
e693  00         BRK
e694  00         BRK
e695  00         BRK
e696  00         BRK
e697  00         BRK
e698  00         BRK
e699  00         BRK
e69a  00         BRK
e69b  00         BRK
e69c  00         BRK
e69d  00         BRK
e69e  00         BRK
e69f  00         BRK
e6a0  00         BRK
e6a1  00         BRK
e6a2  00         BRK
e6a3  00         BRK
e6a4  00         BRK
e6a5  00         BRK
e6a6  00         BRK
e6a7  00         BRK
e6a8  00         BRK
e6a9  00         BRK
e6aa  00         BRK
e6ab  00         BRK
e6ac  00         BRK
e6ad  00         BRK
e6ae  00         BRK
e6af  00         BRK
e6b0  00         BRK
e6b1  00         BRK
e6b2  00         BRK
e6b3  00         BRK
e6b4  00         BRK
e6b5  00         BRK
e6b6  00         BRK
e6b7  00         BRK
e6b8  00         BRK
e6b9  00         BRK
e6ba  00         BRK
e6bb  00         BRK
e6bc  00         BRK
e6bd  00         BRK
e6be  00         BRK
e6bf  00         BRK
e6c0  00         BRK
e6c1  00         BRK
e6c2  00         BRK
e6c3  00         BRK
e6c4  00         BRK
e6c5  00         BRK
e6c6  00         BRK
e6c7  00         BRK
e6c8  00         BRK
e6c9  00         BRK
e6ca  00         BRK
e6cb  00         BRK
e6cc  00         BRK
e6cd  00         BRK
e6ce  00         BRK
e6cf  00         BRK
e6d0  00         BRK
e6d1  00         BRK
e6d2  00         BRK
e6d3  00         BRK
e6d4  00         BRK
e6d5  00         BRK
e6d6  00         BRK
e6d7  00         BRK
e6d8  00         BRK
e6d9  00         BRK
e6da  00         BRK
e6db  00         BRK
e6dc  00         BRK
e6dd  00         BRK
e6de  00         BRK
e6df  00         BRK
e6e0  00         BRK
e6e1  00         BRK
e6e2  00         BRK
e6e3  00         BRK
e6e4  00         BRK
e6e5  00         BRK
e6e6  00         BRK
e6e7  00         BRK
e6e8  00         BRK
e6e9  00         BRK
e6ea  00         BRK
e6eb  00         BRK
e6ec  00         BRK
e6ed  00         BRK
e6ee  00         BRK
e6ef  00         BRK
e6f0  00         BRK
e6f1  00         BRK
e6f2  00         BRK
e6f3  00         BRK
e6f4  00         BRK
e6f5  00         BRK
e6f6  00         BRK
e6f7  00         BRK
e6f8  00         BRK
e6f9  00         BRK
e6fa  00         BRK
e6fb  00         BRK
e6fc  00         BRK
e6fd  00         BRK
e6fe  00         BRK
e6ff  00         BRK
e700  00         BRK
e701  00         BRK
e702  00         BRK
e703  00         BRK
e704  00         BRK
e705  00         BRK
e706  00         BRK
e707  00         BRK
e708  00         BRK
e709  00         BRK
e70a  00         BRK
e70b  00         BRK
e70c  00         BRK
e70d  00         BRK
e70e  00         BRK
e70f  00         BRK
e710  00         BRK
e711  00         BRK
e712  00         BRK
e713  00         BRK
e714  00         BRK
e715  00         BRK
e716  00         BRK
e717  00         BRK
e718  00         BRK
e719  00         BRK
e71a  00         BRK
e71b  00         BRK
e71c  00         BRK
e71d  00         BRK
e71e  00         BRK
e71f  00         BRK
e720  00         BRK
e721  00         BRK
e722  00         BRK
e723  00         BRK
e724  00         BRK
e725  00         BRK
e726  00         BRK
e727  00         BRK
e728  00         BRK
e729  00         BRK
e72a  00         BRK
e72b  00         BRK
e72c  00         BRK
e72d  00         BRK
e72e  00         BRK
e72f  00         BRK
e730  00         BRK
e731  00         BRK
e732  00         BRK
e733  00         BRK
e734  00         BRK
e735  00         BRK
e736  00         BRK
e737  00         BRK
e738  00         BRK
e739  00         BRK
e73a  00         BRK
e73b  00         BRK
e73c  00         BRK
e73d  00         BRK
e73e  00         BRK
e73f  00         BRK
e740  00         BRK
e741  00         BRK
e742  00         BRK
e743  00         BRK
e744  00         BRK
e745  00         BRK
e746  00         BRK
e747  00         BRK
e748  00         BRK
e749  00         BRK
e74a  00         BRK
e74b  00         BRK
e74c  00         BRK
e74d  00         BRK
e74e  00         BRK
e74f  00         BRK
e750  00         BRK
e751  00         BRK
e752  00         BRK
e753  00         BRK
e754  00         BRK
e755  00         BRK
e756  00         BRK
e757  00         BRK
e758  00         BRK
e759  00         BRK
e75a  00         BRK
e75b  00         BRK
e75c  00         BRK
e75d  00         BRK
e75e  00         BRK
e75f  00         BRK
e760  00         BRK
e761  00         BRK
e762  00         BRK
e763  00         BRK
e764  00         BRK
e765  00         BRK
e766  00         BRK
e767  00         BRK
e768  00         BRK
e769  00         BRK
e76a  00         BRK
e76b  00         BRK
e76c  00         BRK
e76d  00         BRK
e76e  00         BRK
e76f  00         BRK
e770  00         BRK
e771  00         BRK
e772  00         BRK
e773  00         BRK
e774  00         BRK
e775  00         BRK
e776  00         BRK
e777  00         BRK
e778  00         BRK
e779  00         BRK
e77a  00         BRK
e77b  00         BRK
e77c  00         BRK
e77d  00         BRK
e77e  00         BRK
e77f  00         BRK
e780  00         BRK
e781  00         BRK
e782  00         BRK
e783  00         BRK
e784  00         BRK
e785  00         BRK
e786  00         BRK
e787  00         BRK
e788  00         BRK
e789  00         BRK
e78a  00         BRK
e78b  00         BRK
e78c  00         BRK
e78d  00         BRK
e78e  00         BRK
e78f  00         BRK
e790  00         BRK
e791  00         BRK
e792  00         BRK
e793  00         BRK
e794  00         BRK
e795  00         BRK
e796  00         BRK
e797  00         BRK
e798  00         BRK
e799  00         BRK
e79a  00         BRK
e79b  00         BRK
e79c  00         BRK
e79d  00         BRK
e79e  00         BRK
e79f  00         BRK
e7a0  00         BRK
e7a1  00         BRK
e7a2  00         BRK
e7a3  00         BRK
e7a4  00         BRK
e7a5  00         BRK
e7a6  00         BRK
e7a7  00         BRK
e7a8  00         BRK
e7a9  00         BRK
e7aa  00         BRK
e7ab  00         BRK
e7ac  00         BRK
e7ad  00         BRK
e7ae  00         BRK
e7af  00         BRK
e7b0  00         BRK
e7b1  00         BRK
e7b2  00         BRK
e7b3  00         BRK
e7b4  00         BRK
e7b5  00         BRK
e7b6  00         BRK
e7b7  00         BRK
e7b8  00         BRK
e7b9  00         BRK
e7ba  00         BRK
e7bb  00         BRK
e7bc  00         BRK
e7bd  00         BRK
e7be  00         BRK
e7bf  00         BRK
e7c0  00         BRK
e7c1  00         BRK
e7c2  00         BRK
e7c3  00         BRK
e7c4  00         BRK
e7c5  00         BRK
e7c6  00         BRK
e7c7  00         BRK
e7c8  00         BRK
e7c9  00         BRK
e7ca  00         BRK
e7cb  00         BRK
e7cc  00         BRK
e7cd  00         BRK
e7ce  00         BRK
e7cf  00         BRK
e7d0  00         BRK
e7d1  00         BRK
e7d2  00         BRK
e7d3  00         BRK
e7d4  00         BRK
e7d5  00         BRK
e7d6  00         BRK
e7d7  00         BRK
e7d8  00         BRK
e7d9  00         BRK
e7da  00         BRK
e7db  00         BRK
e7dc  00         BRK
e7dd  00         BRK
e7de  00         BRK
e7df  00         BRK
e7e0  00         BRK
e7e1  00         BRK
e7e2  00         BRK
e7e3  00         BRK
e7e4  00         BRK
e7e5  00         BRK
e7e6  00         BRK
e7e7  00         BRK
e7e8  00         BRK
e7e9  00         BRK
e7ea  00         BRK
e7eb  00         BRK
e7ec  00         BRK
e7ed  00         BRK
e7ee  00         BRK
e7ef  00         BRK
e7f0  00         BRK
e7f1  00         BRK
e7f2  00         BRK
e7f3  00         BRK
e7f4  00         BRK
e7f5  00         BRK
e7f6  00         BRK
e7f7  00         BRK
e7f8  00         BRK
e7f9  00         BRK
e7fa  00         BRK
e7fb  00         BRK
e7fc  00         BRK
e7fd  00         BRK
e7fe  00         BRK
e7ff  00         BRK
e800  00         BRK
e801  00         BRK
e802  00         BRK
e803  00         BRK
e804  00         BRK
e805  00         BRK
e806  00         BRK
e807  00         BRK
e808  00         BRK
e809  00         BRK
e80a  00         BRK
e80b  00         BRK
e80c  00         BRK
e80d  00         BRK
e80e  00         BRK
e80f  00         BRK
e810  00         BRK
e811  00         BRK
e812  00         BRK
e813  00         BRK
e814  00         BRK
e815  00         BRK
e816  00         BRK
e817  00         BRK
e818  00         BRK
e819  00         BRK
e81a  00         BRK
e81b  00         BRK
e81c  00         BRK
e81d  00         BRK
e81e  00         BRK
e81f  00         BRK
e820  00         BRK
e821  00         BRK
e822  00         BRK
e823  00         BRK
e824  00         BRK
e825  00         BRK
e826  00         BRK
e827  00         BRK
e828  00         BRK
e829  00         BRK
e82a  00         BRK
e82b  00         BRK
e82c  00         BRK
e82d  00         BRK
e82e  00         BRK
e82f  00         BRK
e830  00         BRK
e831  00         BRK
e832  00         BRK
e833  00         BRK
e834  00         BRK
e835  00         BRK
e836  00         BRK
e837  00         BRK
e838  00         BRK
e839  00         BRK
e83a  00         BRK
e83b  00         BRK
e83c  00         BRK
e83d  00         BRK
e83e  00         BRK
e83f  00         BRK
e840  00         BRK
e841  00         BRK
e842  00         BRK
e843  00         BRK
e844  00         BRK
e845  00         BRK
e846  00         BRK
e847  00         BRK
e848  00         BRK
e849  00         BRK
e84a  00         BRK
e84b  00         BRK
e84c  00         BRK
e84d  00         BRK
e84e  00         BRK
e84f  00         BRK
e850  00         BRK
e851  00         BRK
e852  00         BRK
e853  00         BRK
e854  00         BRK
e855  00         BRK
e856  00         BRK
e857  00         BRK
e858  00         BRK
e859  00         BRK
e85a  00         BRK
e85b  00         BRK
e85c  00         BRK
e85d  00         BRK
e85e  00         BRK
e85f  00         BRK
e860  00         BRK
e861  00         BRK
e862  00         BRK
e863  00         BRK
e864  00         BRK
e865  00         BRK
e866  00         BRK
e867  00         BRK
e868  00         BRK
e869  00         BRK
e86a  00         BRK
e86b  00         BRK
e86c  00         BRK
e86d  00         BRK
e86e  00         BRK
e86f  00         BRK
e870  00         BRK
e871  00         BRK
e872  00         BRK
e873  00         BRK
e874  00         BRK
e875  00         BRK
e876  00         BRK
e877  00         BRK
e878  00         BRK
e879  00         BRK
e87a  00         BRK
e87b  00         BRK
e87c  00         BRK
e87d  00         BRK
e87e  00         BRK
e87f  00         BRK
e880  00         BRK
e881  00         BRK
e882  00         BRK
e883  00         BRK
e884  00         BRK
e885  00         BRK
e886  00         BRK
e887  00         BRK
e888  00         BRK
e889  00         BRK
e88a  00         BRK
e88b  00         BRK
e88c  00         BRK
e88d  00         BRK
e88e  00         BRK
e88f  00         BRK
e890  00         BRK
e891  00         BRK
e892  00         BRK
e893  00         BRK
e894  00         BRK
e895  00         BRK
e896  00         BRK
e897  00         BRK
e898  00         BRK
e899  00         BRK
e89a  00         BRK
e89b  00         BRK
e89c  00         BRK
e89d  00         BRK
e89e  00         BRK
e89f  00         BRK
e8a0  00         BRK
e8a1  00         BRK
e8a2  00         BRK
e8a3  00         BRK
e8a4  00         BRK
e8a5  00         BRK
e8a6  00         BRK
e8a7  00         BRK
e8a8  00         BRK
e8a9  00         BRK
e8aa  00         BRK
e8ab  00         BRK
e8ac  00         BRK
e8ad  00         BRK
e8ae  00         BRK
e8af  00         BRK
e8b0  00         BRK
e8b1  00         BRK
e8b2  00         BRK
e8b3  00         BRK
e8b4  00         BRK
e8b5  00         BRK
e8b6  00         BRK
e8b7  00         BRK
e8b8  00         BRK
e8b9  00         BRK
e8ba  00         BRK
e8bb  00         BRK
e8bc  00         BRK
e8bd  00         BRK
e8be  00         BRK
e8bf  00         BRK
e8c0  00         BRK
e8c1  00         BRK
e8c2  00         BRK
e8c3  00         BRK
e8c4  00         BRK
e8c5  00         BRK
e8c6  00         BRK
e8c7  00         BRK
e8c8  00         BRK
e8c9  00         BRK
e8ca  00         BRK
e8cb  00         BRK
e8cc  00         BRK
e8cd  00         BRK
e8ce  00         BRK
e8cf  00         BRK
e8d0  00         BRK
e8d1  00         BRK
e8d2  00         BRK
e8d3  00         BRK
e8d4  00         BRK
e8d5  00         BRK
e8d6  00         BRK
e8d7  00         BRK
e8d8  00         BRK
e8d9  00         BRK
e8da  00         BRK
e8db  00         BRK
e8dc  00         BRK
e8dd  00         BRK
e8de  00         BRK
e8df  00         BRK
e8e0  00         BRK
e8e1  00         BRK
e8e2  00         BRK
e8e3  00         BRK
e8e4  00         BRK
e8e5  00         BRK
e8e6  00         BRK
e8e7  00         BRK
e8e8  00         BRK
e8e9  00         BRK
e8ea  00         BRK
e8eb  00         BRK
e8ec  00         BRK
e8ed  00         BRK
e8ee  00         BRK
e8ef  00         BRK
e8f0  00         BRK
e8f1  00         BRK
e8f2  00         BRK
e8f3  00         BRK
e8f4  00         BRK
e8f5  00         BRK
e8f6  00         BRK
e8f7  00         BRK
e8f8  00         BRK
e8f9  00         BRK
e8fa  00         BRK
e8fb  00         BRK
e8fc  00         BRK
e8fd  00         BRK
e8fe  00         BRK
e8ff  00         BRK
e900  00         BRK
e901  00         BRK
e902  00         BRK
e903  00         BRK
e904  00         BRK
e905  00         BRK
e906  00         BRK
e907  00         BRK
e908  00         BRK
e909  00         BRK
e90a  00         BRK
e90b  00         BRK
e90c  00         BRK
e90d  00         BRK
e90e  00         BRK
e90f  00         BRK
e910  00         BRK
e911  00         BRK
e912  00         BRK
e913  00         BRK
e914  00         BRK
e915  00         BRK
e916  00         BRK
e917  00         BRK
e918  00         BRK
e919  00         BRK
e91a  00         BRK
e91b  00         BRK
e91c  00         BRK
e91d  00         BRK
e91e  00         BRK
e91f  00         BRK
e920  00         BRK
e921  00         BRK
e922  00         BRK
e923  00         BRK
e924  00         BRK
e925  00         BRK
e926  00         BRK
e927  00         BRK
e928  00         BRK
e929  00         BRK
e92a  00         BRK
e92b  00         BRK
e92c  00         BRK
e92d  00         BRK
e92e  00         BRK
e92f  00         BRK
e930  00         BRK
e931  00         BRK
e932  00         BRK
e933  00         BRK
e934  00         BRK
e935  00         BRK
e936  00         BRK
e937  00         BRK
e938  00         BRK
e939  00         BRK
e93a  00         BRK
e93b  00         BRK
e93c  00         BRK
e93d  00         BRK
e93e  00         BRK
e93f  00         BRK
e940  00         BRK
e941  00         BRK
e942  00         BRK
e943  00         BRK
e944  00         BRK
e945  00         BRK
e946  00         BRK
e947  00         BRK
e948  00         BRK
e949  00         BRK
e94a  00         BRK
e94b  00         BRK
e94c  00         BRK
e94d  00         BRK
e94e  00         BRK
e94f  00         BRK
e950  00         BRK
e951  00         BRK
e952  00         BRK
e953  00         BRK
e954  00         BRK
e955  00         BRK
e956  00         BRK
e957  00         BRK
e958  00         BRK
e959  00         BRK
e95a  00         BRK
e95b  00         BRK
e95c  00         BRK
e95d  00         BRK
e95e  00         BRK
e95f  00         BRK
e960  00         BRK
e961  00         BRK
e962  00         BRK
e963  00         BRK
e964  00         BRK
e965  00         BRK
e966  00         BRK
e967  00         BRK
e968  00         BRK
e969  00         BRK
e96a  00         BRK
e96b  00         BRK
e96c  00         BRK
e96d  00         BRK
e96e  00         BRK
e96f  00         BRK
e970  00         BRK
e971  00         BRK
e972  00         BRK
e973  00         BRK
e974  00         BRK
e975  00         BRK
e976  00         BRK
e977  00         BRK
e978  00         BRK
e979  00         BRK
e97a  00         BRK
e97b  00         BRK
e97c  00         BRK
e97d  00         BRK
e97e  00         BRK
e97f  00         BRK
e980  00         BRK
e981  00         BRK
e982  00         BRK
e983  00         BRK
e984  00         BRK
e985  00         BRK
e986  00         BRK
e987  00         BRK
e988  00         BRK
e989  00         BRK
e98a  00         BRK
e98b  00         BRK
e98c  00         BRK
e98d  00         BRK
e98e  00         BRK
e98f  00         BRK
e990  00         BRK
e991  00         BRK
e992  00         BRK
e993  00         BRK
e994  00         BRK
e995  00         BRK
e996  00         BRK
e997  00         BRK
e998  00         BRK
e999  00         BRK
e99a  00         BRK
e99b  00         BRK
e99c  00         BRK
e99d  00         BRK
e99e  00         BRK
e99f  00         BRK
e9a0  00         BRK
e9a1  00         BRK
e9a2  00         BRK
e9a3  00         BRK
e9a4  00         BRK
e9a5  00         BRK
e9a6  00         BRK
e9a7  00         BRK
e9a8  00         BRK
e9a9  00         BRK
e9aa  00         BRK
e9ab  00         BRK
e9ac  00         BRK
e9ad  00         BRK
e9ae  00         BRK
e9af  00         BRK
e9b0  00         BRK
e9b1  00         BRK
e9b2  00         BRK
e9b3  00         BRK
e9b4  00         BRK
e9b5  00         BRK
e9b6  00         BRK
e9b7  00         BRK
e9b8  00         BRK
e9b9  00         BRK
e9ba  00         BRK
e9bb  00         BRK
e9bc  00         BRK
e9bd  00         BRK
e9be  00         BRK
e9bf  00         BRK
e9c0  00         BRK
e9c1  00         BRK
e9c2  00         BRK
e9c3  00         BRK
e9c4  00         BRK
e9c5  00         BRK
e9c6  00         BRK
e9c7  00         BRK
e9c8  00         BRK
e9c9  00         BRK
e9ca  00         BRK
e9cb  00         BRK
e9cc  00         BRK
e9cd  00         BRK
e9ce  00         BRK
e9cf  00         BRK
e9d0  00         BRK
e9d1  00         BRK
e9d2  00         BRK
e9d3  00         BRK
e9d4  00         BRK
e9d5  00         BRK
e9d6  00         BRK
e9d7  00         BRK
e9d8  00         BRK
e9d9  00         BRK
e9da  00         BRK
e9db  00         BRK
e9dc  00         BRK
e9dd  00         BRK
e9de  00         BRK
e9df  00         BRK
e9e0  00         BRK
e9e1  00         BRK
e9e2  00         BRK
e9e3  00         BRK
e9e4  00         BRK
e9e5  00         BRK
e9e6  00         BRK
e9e7  00         BRK
e9e8  00         BRK
e9e9  00         BRK
e9ea  00         BRK
e9eb  00         BRK
e9ec  00         BRK
e9ed  00         BRK
e9ee  00         BRK
e9ef  00         BRK
e9f0  00         BRK
e9f1  00         BRK
e9f2  00         BRK
e9f3  00         BRK
e9f4  00         BRK
e9f5  00         BRK
e9f6  00         BRK
e9f7  00         BRK
e9f8  00         BRK
e9f9  00         BRK
e9fa  00         BRK
e9fb  00         BRK
e9fc  00         BRK
e9fd  00         BRK
e9fe  00         BRK
e9ff  00         BRK
ea00  00         BRK
ea01  00         BRK
ea02  00         BRK
ea03  00         BRK
ea04  00         BRK
ea05  00         BRK
ea06  00         BRK
ea07  00         BRK
ea08  00         BRK
ea09  00         BRK
ea0a  00         BRK
ea0b  00         BRK
ea0c  00         BRK
ea0d  00         BRK
ea0e  00         BRK
ea0f  00         BRK
ea10  00         BRK
ea11  00         BRK
ea12  00         BRK
ea13  00         BRK
ea14  00         BRK
ea15  00         BRK
ea16  00         BRK
ea17  00         BRK
ea18  00         BRK
ea19  00         BRK
ea1a  00         BRK
ea1b  00         BRK
ea1c  00         BRK
ea1d  00         BRK
ea1e  00         BRK
ea1f  00         BRK
ea20  00         BRK
ea21  00         BRK
ea22  00         BRK
ea23  00         BRK
ea24  00         BRK
ea25  00         BRK
ea26  00         BRK
ea27  00         BRK
ea28  00         BRK
ea29  00         BRK
ea2a  00         BRK
ea2b  00         BRK
ea2c  00         BRK
ea2d  00         BRK
ea2e  00         BRK
ea2f  00         BRK
ea30  00         BRK
ea31  00         BRK
ea32  00         BRK
ea33  00         BRK
ea34  00         BRK
ea35  00         BRK
ea36  00         BRK
ea37  00         BRK
ea38  00         BRK
ea39  00         BRK
ea3a  00         BRK
ea3b  00         BRK
ea3c  00         BRK
ea3d  00         BRK
ea3e  00         BRK
ea3f  00         BRK
ea40  00         BRK
ea41  00         BRK
ea42  00         BRK
ea43  00         BRK
ea44  00         BRK
ea45  00         BRK
ea46  00         BRK
ea47  00         BRK
ea48  00         BRK
ea49  00         BRK
ea4a  00         BRK
ea4b  00         BRK
ea4c  00         BRK
ea4d  00         BRK
ea4e  00         BRK
ea4f  00         BRK
ea50  00         BRK
ea51  00         BRK
ea52  00         BRK
ea53  00         BRK
ea54  00         BRK
ea55  00         BRK
ea56  00         BRK
ea57  00         BRK
ea58  00         BRK
ea59  00         BRK
ea5a  00         BRK
ea5b  00         BRK
ea5c  00         BRK
ea5d  00         BRK
ea5e  00         BRK
ea5f  00         BRK
ea60  00         BRK
ea61  00         BRK
ea62  00         BRK
ea63  00         BRK
ea64  00         BRK
ea65  00         BRK
ea66  00         BRK
ea67  00         BRK
ea68  00         BRK
ea69  00         BRK
ea6a  00         BRK
ea6b  00         BRK
ea6c  00         BRK
ea6d  00         BRK
ea6e  00         BRK
ea6f  00         BRK
ea70  00         BRK
ea71  00         BRK
ea72  00         BRK
ea73  00         BRK
ea74  00         BRK
ea75  00         BRK
ea76  00         BRK
ea77  00         BRK
ea78  00         BRK
ea79  00         BRK
ea7a  00         BRK
ea7b  00         BRK
ea7c  00         BRK
ea7d  00         BRK
ea7e  00         BRK
ea7f  00         BRK
ea80  00         BRK
ea81  00         BRK
ea82  00         BRK
ea83  00         BRK
ea84  00         BRK
ea85  00         BRK
ea86  00         BRK
ea87  00         BRK
ea88  00         BRK
ea89  00         BRK
ea8a  00         BRK
ea8b  00         BRK
ea8c  00         BRK
ea8d  00         BRK
ea8e  00         BRK
ea8f  00         BRK
ea90  00         BRK
ea91  00         BRK
ea92  00         BRK
ea93  00         BRK
ea94  00         BRK
ea95  00         BRK
ea96  00         BRK
ea97  00         BRK
ea98  00         BRK
ea99  00         BRK
ea9a  00         BRK
ea9b  00         BRK
ea9c  00         BRK
ea9d  00         BRK
ea9e  00         BRK
ea9f  00         BRK
eaa0  00         BRK
eaa1  00         BRK
eaa2  00         BRK
eaa3  00         BRK
eaa4  00         BRK
eaa5  00         BRK
eaa6  00         BRK
eaa7  00         BRK
eaa8  00         BRK
eaa9  00         BRK
eaaa  00         BRK
eaab  00         BRK
eaac  00         BRK
eaad  00         BRK
eaae  00         BRK
eaaf  00         BRK
eab0  00         BRK
eab1  00         BRK
eab2  00         BRK
eab3  00         BRK
eab4  00         BRK
eab5  00         BRK
eab6  00         BRK
eab7  00         BRK
eab8  00         BRK
eab9  00         BRK
eaba  00         BRK
eabb  00         BRK
eabc  00         BRK
eabd  00         BRK
eabe  00         BRK
eabf  00         BRK
eac0  00         BRK
eac1  00         BRK
eac2  00         BRK
eac3  00         BRK
eac4  00         BRK
eac5  00         BRK
eac6  00         BRK
eac7  00         BRK
eac8  00         BRK
eac9  00         BRK
eaca  00         BRK
eacb  00         BRK
eacc  00         BRK
eacd  00         BRK
eace  00         BRK
eacf  00         BRK
ead0  00         BRK
ead1  00         BRK
ead2  00         BRK
ead3  00         BRK
ead4  00         BRK
ead5  00         BRK
ead6  00         BRK
ead7  00         BRK
ead8  00         BRK
ead9  00         BRK
eada  00         BRK
eadb  00         BRK
eadc  00         BRK
eadd  00         BRK
eade  00         BRK
eadf  00         BRK
eae0  00         BRK
eae1  00         BRK
eae2  00         BRK
eae3  00         BRK
eae4  00         BRK
eae5  00         BRK
eae6  00         BRK
eae7  00         BRK
eae8  00         BRK
eae9  00         BRK
eaea  00         BRK
eaeb  00         BRK
eaec  00         BRK
eaed  00         BRK
eaee  00         BRK
eaef  00         BRK
eaf0  00         BRK
eaf1  00         BRK
eaf2  00         BRK
eaf3  00         BRK
eaf4  00         BRK
eaf5  00         BRK
eaf6  00         BRK
eaf7  00         BRK
eaf8  00         BRK
eaf9  00         BRK
eafa  00         BRK
eafb  00         BRK
eafc  00         BRK
eafd  00         BRK
eafe  00         BRK
eaff  00         BRK
eb00  00         BRK
eb01  00         BRK
eb02  00         BRK
eb03  00         BRK
eb04  00         BRK
eb05  00         BRK
eb06  00         BRK
eb07  00         BRK
eb08  00         BRK
eb09  00         BRK
eb0a  00         BRK
eb0b  00         BRK
eb0c  00         BRK
eb0d  00         BRK
eb0e  00         BRK
eb0f  00         BRK
eb10  00         BRK
eb11  00         BRK
eb12  00         BRK
eb13  00         BRK
eb14  00         BRK
eb15  00         BRK
eb16  00         BRK
eb17  00         BRK
eb18  00         BRK
eb19  00         BRK
eb1a  00         BRK
eb1b  00         BRK
eb1c  00         BRK
eb1d  00         BRK
eb1e  00         BRK
eb1f  00         BRK
eb20  00         BRK
eb21  00         BRK
eb22  00         BRK
eb23  00         BRK
eb24  00         BRK
eb25  00         BRK
eb26  00         BRK
eb27  00         BRK
eb28  00         BRK
eb29  00         BRK
eb2a  00         BRK
eb2b  00         BRK
eb2c  00         BRK
eb2d  00         BRK
eb2e  00         BRK
eb2f  00         BRK
eb30  00         BRK
eb31  00         BRK
eb32  00         BRK
eb33  00         BRK
eb34  00         BRK
eb35  00         BRK
eb36  00         BRK
eb37  00         BRK
eb38  00         BRK
eb39  00         BRK
eb3a  00         BRK
eb3b  00         BRK
eb3c  00         BRK
eb3d  00         BRK
eb3e  00         BRK
eb3f  00         BRK
eb40  00         BRK
eb41  00         BRK
eb42  00         BRK
eb43  00         BRK
eb44  00         BRK
eb45  00         BRK
eb46  00         BRK
eb47  00         BRK
eb48  00         BRK
eb49  00         BRK
eb4a  00         BRK
eb4b  00         BRK
eb4c  00         BRK
eb4d  00         BRK
eb4e  00         BRK
eb4f  00         BRK
eb50  00         BRK
eb51  00         BRK
eb52  00         BRK
eb53  00         BRK
eb54  00         BRK
eb55  00         BRK
eb56  00         BRK
eb57  00         BRK
eb58  00         BRK
eb59  00         BRK
eb5a  00         BRK
eb5b  00         BRK
eb5c  00         BRK
eb5d  00         BRK
eb5e  00         BRK
eb5f  00         BRK
eb60  00         BRK
eb61  00         BRK
eb62  00         BRK
eb63  00         BRK
eb64  00         BRK
eb65  00         BRK
eb66  00         BRK
eb67  00         BRK
eb68  00         BRK
eb69  00         BRK
eb6a  00         BRK
eb6b  00         BRK
eb6c  00         BRK
eb6d  00         BRK
eb6e  00         BRK
eb6f  00         BRK
eb70  00         BRK
eb71  00         BRK
eb72  00         BRK
eb73  00         BRK
eb74  00         BRK
eb75  00         BRK
eb76  00         BRK
eb77  00         BRK
eb78  00         BRK
eb79  00         BRK
eb7a  00         BRK
eb7b  00         BRK
eb7c  00         BRK
eb7d  00         BRK
eb7e  00         BRK
eb7f  00         BRK
eb80  00         BRK
eb81  00         BRK
eb82  00         BRK
eb83  00         BRK
eb84  00         BRK
eb85  00         BRK
eb86  00         BRK
eb87  00         BRK
eb88  00         BRK
eb89  00         BRK
eb8a  00         BRK
eb8b  00         BRK
eb8c  00         BRK
eb8d  00         BRK
eb8e  00         BRK
eb8f  00         BRK
eb90  00         BRK
eb91  00         BRK
eb92  00         BRK
eb93  00         BRK
eb94  00         BRK
eb95  00         BRK
eb96  00         BRK
eb97  00         BRK
eb98  00         BRK
eb99  00         BRK
eb9a  00         BRK
eb9b  00         BRK
eb9c  00         BRK
eb9d  00         BRK
eb9e  00         BRK
eb9f  00         BRK
eba0  00         BRK
eba1  00         BRK
eba2  00         BRK
eba3  00         BRK
eba4  00         BRK
eba5  00         BRK
eba6  00         BRK
eba7  00         BRK
eba8  00         BRK
eba9  00         BRK
ebaa  00         BRK
ebab  00         BRK
ebac  00         BRK
ebad  00         BRK
ebae  00         BRK
ebaf  00         BRK
ebb0  00         BRK
ebb1  00         BRK
ebb2  00         BRK
ebb3  00         BRK
ebb4  00         BRK
ebb5  00         BRK
ebb6  00         BRK
ebb7  00         BRK
ebb8  00         BRK
ebb9  00         BRK
ebba  00         BRK
ebbb  00         BRK
ebbc  00         BRK
ebbd  00         BRK
ebbe  00         BRK
ebbf  00         BRK
ebc0  00         BRK
ebc1  00         BRK
ebc2  00         BRK
ebc3  00         BRK
ebc4  00         BRK
ebc5  00         BRK
ebc6  00         BRK
ebc7  00         BRK
ebc8  00         BRK
ebc9  00         BRK
ebca  00         BRK
ebcb  00         BRK
ebcc  00         BRK
ebcd  00         BRK
ebce  00         BRK
ebcf  00         BRK
ebd0  00         BRK
ebd1  00         BRK
ebd2  00         BRK
ebd3  00         BRK
ebd4  00         BRK
ebd5  00         BRK
ebd6  00         BRK
ebd7  00         BRK
ebd8  00         BRK
ebd9  00         BRK
ebda  00         BRK
ebdb  00         BRK
ebdc  00         BRK
ebdd  00         BRK
ebde  00         BRK
ebdf  00         BRK
ebe0  00         BRK
ebe1  00         BRK
ebe2  00         BRK
ebe3  00         BRK
ebe4  00         BRK
ebe5  00         BRK
ebe6  00         BRK
ebe7  00         BRK
ebe8  00         BRK
ebe9  00         BRK
ebea  00         BRK
ebeb  00         BRK
ebec  00         BRK
ebed  00         BRK
ebee  00         BRK
ebef  00         BRK
ebf0  00         BRK
ebf1  00         BRK
ebf2  00         BRK
ebf3  00         BRK
ebf4  00         BRK
ebf5  00         BRK
ebf6  00         BRK
ebf7  00         BRK
ebf8  00         BRK
ebf9  00         BRK
ebfa  00         BRK
ebfb  00         BRK
ebfc  00         BRK
ebfd  00         BRK
ebfe  00         BRK
ebff  00         BRK
ec00  00         BRK
ec01  00         BRK
ec02  00         BRK
ec03  00         BRK
ec04  00         BRK
ec05  00         BRK
ec06  00         BRK
ec07  00         BRK
ec08  00         BRK
ec09  00         BRK
ec0a  00         BRK
ec0b  00         BRK
ec0c  00         BRK
ec0d  00         BRK
ec0e  00         BRK
ec0f  00         BRK
ec10  00         BRK
ec11  00         BRK
ec12  00         BRK
ec13  00         BRK
ec14  00         BRK
ec15  00         BRK
ec16  00         BRK
ec17  00         BRK
ec18  00         BRK
ec19  00         BRK
ec1a  00         BRK
ec1b  00         BRK
ec1c  00         BRK
ec1d  00         BRK
ec1e  00         BRK
ec1f  00         BRK
ec20  00         BRK
ec21  00         BRK
ec22  00         BRK
ec23  00         BRK
ec24  00         BRK
ec25  00         BRK
ec26  00         BRK
ec27  00         BRK
ec28  00         BRK
ec29  00         BRK
ec2a  00         BRK
ec2b  00         BRK
ec2c  00         BRK
ec2d  00         BRK
ec2e  00         BRK
ec2f  00         BRK
ec30  00         BRK
ec31  00         BRK
ec32  00         BRK
ec33  00         BRK
ec34  00         BRK
ec35  00         BRK
ec36  00         BRK
ec37  00         BRK
ec38  00         BRK
ec39  00         BRK
ec3a  00         BRK
ec3b  00         BRK
ec3c  00         BRK
ec3d  00         BRK
ec3e  00         BRK
ec3f  00         BRK
ec40  00         BRK
ec41  00         BRK
ec42  00         BRK
ec43  00         BRK
ec44  00         BRK
ec45  00         BRK
ec46  00         BRK
ec47  00         BRK
ec48  00         BRK
ec49  00         BRK
ec4a  00         BRK
ec4b  00         BRK
ec4c  00         BRK
ec4d  00         BRK
ec4e  00         BRK
ec4f  00         BRK
ec50  00         BRK
ec51  00         BRK
ec52  00         BRK
ec53  00         BRK
ec54  00         BRK
ec55  00         BRK
ec56  00         BRK
ec57  00         BRK
ec58  00         BRK
ec59  00         BRK
ec5a  00         BRK
ec5b  00         BRK
ec5c  00         BRK
ec5d  00         BRK
ec5e  00         BRK
ec5f  00         BRK
ec60  00         BRK
ec61  00         BRK
ec62  00         BRK
ec63  00         BRK
ec64  00         BRK
ec65  00         BRK
ec66  00         BRK
ec67  00         BRK
ec68  00         BRK
ec69  00         BRK
ec6a  00         BRK
ec6b  00         BRK
ec6c  00         BRK
ec6d  00         BRK
ec6e  00         BRK
ec6f  00         BRK
ec70  00         BRK
ec71  00         BRK
ec72  00         BRK
ec73  00         BRK
ec74  00         BRK
ec75  00         BRK
ec76  00         BRK
ec77  00         BRK
ec78  00         BRK
ec79  00         BRK
ec7a  00         BRK
ec7b  00         BRK
ec7c  00         BRK
ec7d  00         BRK
ec7e  00         BRK
ec7f  00         BRK
ec80  00         BRK
ec81  00         BRK
ec82  00         BRK
ec83  00         BRK
ec84  00         BRK
ec85  00         BRK
ec86  00         BRK
ec87  00         BRK
ec88  00         BRK
ec89  00         BRK
ec8a  00         BRK
ec8b  00         BRK
ec8c  00         BRK
ec8d  00         BRK
ec8e  00         BRK
ec8f  00         BRK
ec90  00         BRK
ec91  00         BRK
ec92  00         BRK
ec93  00         BRK
ec94  00         BRK
ec95  00         BRK
ec96  00         BRK
ec97  00         BRK
ec98  00         BRK
ec99  00         BRK
ec9a  00         BRK
ec9b  00         BRK
ec9c  00         BRK
ec9d  00         BRK
ec9e  00         BRK
ec9f  00         BRK
eca0  00         BRK
eca1  00         BRK
eca2  00         BRK
eca3  00         BRK
eca4  00         BRK
eca5  00         BRK
eca6  00         BRK
eca7  00         BRK
eca8  00         BRK
eca9  00         BRK
ecaa  00         BRK
ecab  00         BRK
ecac  00         BRK
ecad  00         BRK
ecae  00         BRK
ecaf  00         BRK
ecb0  00         BRK
ecb1  00         BRK
ecb2  00         BRK
ecb3  00         BRK
ecb4  00         BRK
ecb5  00         BRK
ecb6  00         BRK
ecb7  00         BRK
ecb8  00         BRK
ecb9  00         BRK
ecba  00         BRK
ecbb  00         BRK
ecbc  00         BRK
ecbd  00         BRK
ecbe  00         BRK
ecbf  00         BRK
ecc0  00         BRK
ecc1  00         BRK
ecc2  00         BRK
ecc3  00         BRK
ecc4  00         BRK
ecc5  00         BRK
ecc6  00         BRK
ecc7  00         BRK
ecc8  00         BRK
ecc9  00         BRK
ecca  00         BRK
eccb  00         BRK
eccc  00         BRK
eccd  00         BRK
ecce  00         BRK
eccf  00         BRK
ecd0  00         BRK
ecd1  00         BRK
ecd2  00         BRK
ecd3  00         BRK
ecd4  00         BRK
ecd5  00         BRK
ecd6  00         BRK
ecd7  00         BRK
ecd8  00         BRK
ecd9  00         BRK
ecda  00         BRK
ecdb  00         BRK
ecdc  00         BRK
ecdd  00         BRK
ecde  00         BRK
ecdf  00         BRK
ece0  00         BRK
ece1  00         BRK
ece2  00         BRK
ece3  00         BRK
ece4  00         BRK
ece5  00         BRK
ece6  00         BRK
ece7  00         BRK
ece8  00         BRK
ece9  00         BRK
ecea  00         BRK
eceb  00         BRK
ecec  00         BRK
eced  00         BRK
ecee  00         BRK
ecef  00         BRK
ecf0  00         BRK
ecf1  00         BRK
ecf2  00         BRK
ecf3  00         BRK
ecf4  00         BRK
ecf5  00         BRK
ecf6  00         BRK
ecf7  00         BRK
ecf8  00         BRK
ecf9  00         BRK
ecfa  00         BRK
ecfb  00         BRK
ecfc  00         BRK
ecfd  00         BRK
ecfe  00         BRK
ecff  00         BRK
ed00  00         BRK
ed01  00         BRK
ed02  00         BRK
ed03  00         BRK
ed04  00         BRK
ed05  00         BRK
ed06  00         BRK
ed07  00         BRK
ed08  00         BRK
ed09  00         BRK
ed0a  00         BRK
ed0b  00         BRK
ed0c  00         BRK
ed0d  00         BRK
ed0e  00         BRK
ed0f  00         BRK
ed10  00         BRK
ed11  00         BRK
ed12  00         BRK
ed13  00         BRK
ed14  00         BRK
ed15  00         BRK
ed16  00         BRK
ed17  00         BRK
ed18  00         BRK
ed19  00         BRK
ed1a  00         BRK
ed1b  00         BRK
ed1c  00         BRK
ed1d  00         BRK
ed1e  00         BRK
ed1f  00         BRK
ed20  00         BRK
ed21  00         BRK
ed22  00         BRK
ed23  00         BRK
ed24  00         BRK
ed25  00         BRK
ed26  00         BRK
ed27  00         BRK
ed28  00         BRK
ed29  00         BRK
ed2a  00         BRK
ed2b  00         BRK
ed2c  00         BRK
ed2d  00         BRK
ed2e  00         BRK
ed2f  00         BRK
ed30  00         BRK
ed31  00         BRK
ed32  00         BRK
ed33  00         BRK
ed34  00         BRK
ed35  00         BRK
ed36  00         BRK
ed37  00         BRK
ed38  00         BRK
ed39  00         BRK
ed3a  00         BRK
ed3b  00         BRK
ed3c  00         BRK
ed3d  00         BRK
ed3e  00         BRK
ed3f  00         BRK
ed40  00         BRK
ed41  00         BRK
ed42  00         BRK
ed43  00         BRK
ed44  00         BRK
ed45  00         BRK
ed46  00         BRK
ed47  00         BRK
ed48  00         BRK
ed49  00         BRK
ed4a  00         BRK
ed4b  00         BRK
ed4c  00         BRK
ed4d  00         BRK
ed4e  00         BRK
ed4f  00         BRK
ed50  00         BRK
ed51  00         BRK
ed52  00         BRK
ed53  00         BRK
ed54  00         BRK
ed55  00         BRK
ed56  00         BRK
ed57  00         BRK
ed58  00         BRK
ed59  00         BRK
ed5a  00         BRK
ed5b  00         BRK
ed5c  00         BRK
ed5d  00         BRK
ed5e  00         BRK
ed5f  00         BRK
ed60  00         BRK
ed61  00         BRK
ed62  00         BRK
ed63  00         BRK
ed64  00         BRK
ed65  00         BRK
ed66  00         BRK
ed67  00         BRK
ed68  00         BRK
ed69  00         BRK
ed6a  00         BRK
ed6b  00         BRK
ed6c  00         BRK
ed6d  00         BRK
ed6e  00         BRK
ed6f  00         BRK
ed70  00         BRK
ed71  00         BRK
ed72  00         BRK
ed73  00         BRK
ed74  00         BRK
ed75  00         BRK
ed76  00         BRK
ed77  00         BRK
ed78  00         BRK
ed79  00         BRK
ed7a  00         BRK
ed7b  00         BRK
ed7c  00         BRK
ed7d  00         BRK
ed7e  00         BRK
ed7f  00         BRK
ed80  00         BRK
ed81  00         BRK
ed82  00         BRK
ed83  00         BRK
ed84  00         BRK
ed85  00         BRK
ed86  00         BRK
ed87  00         BRK
ed88  00         BRK
ed89  00         BRK
ed8a  00         BRK
ed8b  00         BRK
ed8c  00         BRK
ed8d  00         BRK
ed8e  00         BRK
ed8f  00         BRK
ed90  00         BRK
ed91  00         BRK
ed92  00         BRK
ed93  00         BRK
ed94  00         BRK
ed95  00         BRK
ed96  00         BRK
ed97  00         BRK
ed98  00         BRK
ed99  00         BRK
ed9a  00         BRK
ed9b  00         BRK
ed9c  00         BRK
ed9d  00         BRK
ed9e  00         BRK
ed9f  00         BRK
eda0  00         BRK
eda1  00         BRK
eda2  00         BRK
eda3  00         BRK
eda4  00         BRK
eda5  00         BRK
eda6  00         BRK
eda7  00         BRK
eda8  00         BRK
eda9  00         BRK
edaa  00         BRK
edab  00         BRK
edac  00         BRK
edad  00         BRK
edae  00         BRK
edaf  00         BRK
edb0  00         BRK
edb1  00         BRK
edb2  00         BRK
edb3  00         BRK
edb4  00         BRK
edb5  00         BRK
edb6  00         BRK
edb7  00         BRK
edb8  00         BRK
edb9  00         BRK
edba  00         BRK
edbb  00         BRK
edbc  00         BRK
edbd  00         BRK
edbe  00         BRK
edbf  00         BRK
edc0  00         BRK
edc1  00         BRK
edc2  00         BRK
edc3  00         BRK
edc4  00         BRK
edc5  00         BRK
edc6  00         BRK
edc7  00         BRK
edc8  00         BRK
edc9  00         BRK
edca  00         BRK
edcb  00         BRK
edcc  00         BRK
edcd  00         BRK
edce  00         BRK
edcf  00         BRK
edd0  00         BRK
edd1  00         BRK
edd2  00         BRK
edd3  00         BRK
edd4  00         BRK
edd5  00         BRK
edd6  00         BRK
edd7  00         BRK
edd8  00         BRK
edd9  00         BRK
edda  00         BRK
eddb  00         BRK
eddc  00         BRK
eddd  00         BRK
edde  00         BRK
eddf  00         BRK
ede0  00         BRK
ede1  00         BRK
ede2  00         BRK
ede3  00         BRK
ede4  00         BRK
ede5  00         BRK
ede6  00         BRK
ede7  00         BRK
ede8  00         BRK
ede9  00         BRK
edea  00         BRK
edeb  00         BRK
edec  00         BRK
eded  00         BRK
edee  00         BRK
edef  00         BRK
edf0  00         BRK
edf1  00         BRK
edf2  00         BRK
edf3  00         BRK
edf4  00         BRK
edf5  00         BRK
edf6  00         BRK
edf7  00         BRK
edf8  00         BRK
edf9  00         BRK
edfa  00         BRK
edfb  00         BRK
edfc  00         BRK
edfd  00         BRK
edfe  00         BRK
edff  00         BRK
ee00  00         BRK
ee01  00         BRK
ee02  00         BRK
ee03  00         BRK
ee04  00         BRK
ee05  00         BRK
ee06  00         BRK
ee07  00         BRK
ee08  00         BRK
ee09  00         BRK
ee0a  00         BRK
ee0b  00         BRK
ee0c  00         BRK
ee0d  00         BRK
ee0e  00         BRK
ee0f  00         BRK
ee10  00         BRK
ee11  00         BRK
ee12  00         BRK
ee13  00         BRK
ee14  00         BRK
ee15  00         BRK
ee16  00         BRK
ee17  00         BRK
ee18  00         BRK
ee19  00         BRK
ee1a  00         BRK
ee1b  00         BRK
ee1c  00         BRK
ee1d  00         BRK
ee1e  00         BRK
ee1f  00         BRK
ee20  00         BRK
ee21  00         BRK
ee22  00         BRK
ee23  00         BRK
ee24  00         BRK
ee25  00         BRK
ee26  00         BRK
ee27  00         BRK
ee28  00         BRK
ee29  00         BRK
ee2a  00         BRK
ee2b  00         BRK
ee2c  00         BRK
ee2d  00         BRK
ee2e  00         BRK
ee2f  00         BRK
ee30  00         BRK
ee31  00         BRK
ee32  00         BRK
ee33  00         BRK
ee34  00         BRK
ee35  00         BRK
ee36  00         BRK
ee37  00         BRK
ee38  00         BRK
ee39  00         BRK
ee3a  00         BRK
ee3b  00         BRK
ee3c  00         BRK
ee3d  00         BRK
ee3e  00         BRK
ee3f  00         BRK
ee40  00         BRK
ee41  00         BRK
ee42  00         BRK
ee43  00         BRK
ee44  00         BRK
ee45  00         BRK
ee46  00         BRK
ee47  00         BRK
ee48  00         BRK
ee49  00         BRK
ee4a  00         BRK
ee4b  00         BRK
ee4c  00         BRK
ee4d  00         BRK
ee4e  00         BRK
ee4f  00         BRK
ee50  00         BRK
ee51  00         BRK
ee52  00         BRK
ee53  00         BRK
ee54  00         BRK
ee55  00         BRK
ee56  00         BRK
ee57  00         BRK
ee58  00         BRK
ee59  00         BRK
ee5a  00         BRK
ee5b  00         BRK
ee5c  00         BRK
ee5d  00         BRK
ee5e  00         BRK
ee5f  00         BRK
ee60  00         BRK
ee61  00         BRK
ee62  00         BRK
ee63  00         BRK
ee64  00         BRK
ee65  00         BRK
ee66  00         BRK
ee67  00         BRK
ee68  00         BRK
ee69  00         BRK
ee6a  00         BRK
ee6b  00         BRK
ee6c  00         BRK
ee6d  00         BRK
ee6e  00         BRK
ee6f  00         BRK
ee70  00         BRK
ee71  00         BRK
ee72  00         BRK
ee73  00         BRK
ee74  00         BRK
ee75  00         BRK
ee76  00         BRK
ee77  00         BRK
ee78  00         BRK
ee79  00         BRK
ee7a  00         BRK
ee7b  00         BRK
ee7c  00         BRK
ee7d  00         BRK
ee7e  00         BRK
ee7f  00         BRK
ee80  00         BRK
ee81  00         BRK
ee82  00         BRK
ee83  00         BRK
ee84  00         BRK
ee85  00         BRK
ee86  00         BRK
ee87  00         BRK
ee88  00         BRK
ee89  00         BRK
ee8a  00         BRK
ee8b  00         BRK
ee8c  00         BRK
ee8d  00         BRK
ee8e  00         BRK
ee8f  00         BRK
ee90  00         BRK
ee91  00         BRK
ee92  00         BRK
ee93  00         BRK
ee94  00         BRK
ee95  00         BRK
ee96  00         BRK
ee97  00         BRK
ee98  00         BRK
ee99  00         BRK
ee9a  00         BRK
ee9b  00         BRK
ee9c  00         BRK
ee9d  00         BRK
ee9e  00         BRK
ee9f  00         BRK
eea0  00         BRK
eea1  00         BRK
eea2  00         BRK
eea3  00         BRK
eea4  00         BRK
eea5  00         BRK
eea6  00         BRK
eea7  00         BRK
eea8  00         BRK
eea9  00         BRK
eeaa  00         BRK
eeab  00         BRK
eeac  00         BRK
eead  00         BRK
eeae  00         BRK
eeaf  00         BRK
eeb0  00         BRK
eeb1  00         BRK
eeb2  00         BRK
eeb3  00         BRK
eeb4  00         BRK
eeb5  00         BRK
eeb6  00         BRK
eeb7  00         BRK
eeb8  00         BRK
eeb9  00         BRK
eeba  00         BRK
eebb  00         BRK
eebc  00         BRK
eebd  00         BRK
eebe  00         BRK
eebf  00         BRK
eec0  00         BRK
eec1  00         BRK
eec2  00         BRK
eec3  00         BRK
eec4  00         BRK
eec5  00         BRK
eec6  00         BRK
eec7  00         BRK
eec8  00         BRK
eec9  00         BRK
eeca  00         BRK
eecb  00         BRK
eecc  00         BRK
eecd  00         BRK
eece  00         BRK
eecf  00         BRK
eed0  00         BRK
eed1  00         BRK
eed2  00         BRK
eed3  00         BRK
eed4  00         BRK
eed5  00         BRK
eed6  00         BRK
eed7  00         BRK
eed8  00         BRK
eed9  00         BRK
eeda  00         BRK
eedb  00         BRK
eedc  00         BRK
eedd  00         BRK
eede  00         BRK
eedf  00         BRK
eee0  00         BRK
eee1  00         BRK
eee2  00         BRK
eee3  00         BRK
eee4  00         BRK
eee5  00         BRK
eee6  00         BRK
eee7  00         BRK
eee8  00         BRK
eee9  00         BRK
eeea  00         BRK
eeeb  00         BRK
eeec  00         BRK
eeed  00         BRK
eeee  00         BRK
eeef  00         BRK
eef0  00         BRK
eef1  00         BRK
eef2  00         BRK
eef3  00         BRK
eef4  00         BRK
eef5  00         BRK
eef6  00         BRK
eef7  00         BRK
eef8  00         BRK
eef9  00         BRK
eefa  00         BRK
eefb  00         BRK
eefc  00         BRK
eefd  00         BRK
eefe  00         BRK
eeff  00         BRK
ef00  00         BRK
ef01  00         BRK
ef02  00         BRK
ef03  00         BRK
ef04  00         BRK
ef05  00         BRK
ef06  00         BRK
ef07  00         BRK
ef08  00         BRK
ef09  00         BRK
ef0a  00         BRK
ef0b  00         BRK
ef0c  00         BRK
ef0d  00         BRK
ef0e  00         BRK
ef0f  00         BRK
ef10  00         BRK
ef11  00         BRK
ef12  00         BRK
ef13  00         BRK
ef14  00         BRK
ef15  00         BRK
ef16  00         BRK
ef17  00         BRK
ef18  00         BRK
ef19  00         BRK
ef1a  00         BRK
ef1b  00         BRK
ef1c  00         BRK
ef1d  00         BRK
ef1e  00         BRK
ef1f  00         BRK
ef20  00         BRK
ef21  00         BRK
ef22  00         BRK
ef23  00         BRK
ef24  00         BRK
ef25  00         BRK
ef26  00         BRK
ef27  00         BRK
ef28  00         BRK
ef29  00         BRK
ef2a  00         BRK
ef2b  00         BRK
ef2c  00         BRK
ef2d  00         BRK
ef2e  00         BRK
ef2f  00         BRK
ef30  00         BRK
ef31  00         BRK
ef32  00         BRK
ef33  00         BRK
ef34  00         BRK
ef35  00         BRK
ef36  00         BRK
ef37  00         BRK
ef38  00         BRK
ef39  00         BRK
ef3a  00         BRK
ef3b  00         BRK
ef3c  00         BRK
ef3d  00         BRK
ef3e  00         BRK
ef3f  00         BRK
ef40  00         BRK
ef41  00         BRK
ef42  00         BRK
ef43  00         BRK
ef44  00         BRK
ef45  00         BRK
ef46  00         BRK
ef47  00         BRK
ef48  00         BRK
ef49  00         BRK
ef4a  00         BRK
ef4b  00         BRK
ef4c  00         BRK
ef4d  00         BRK
ef4e  00         BRK
ef4f  00         BRK
ef50  00         BRK
ef51  00         BRK
ef52  00         BRK
ef53  00         BRK
ef54  00         BRK
ef55  00         BRK
ef56  00         BRK
ef57  00         BRK
ef58  00         BRK
ef59  00         BRK
ef5a  00         BRK
ef5b  00         BRK
ef5c  00         BRK
ef5d  00         BRK
ef5e  00         BRK
ef5f  00         BRK
ef60  00         BRK
ef61  00         BRK
ef62  00         BRK
ef63  00         BRK
ef64  00         BRK
ef65  00         BRK
ef66  00         BRK
ef67  00         BRK
ef68  00         BRK
ef69  00         BRK
ef6a  00         BRK
ef6b  00         BRK
ef6c  00         BRK
ef6d  00         BRK
ef6e  00         BRK
ef6f  00         BRK
ef70  00         BRK
ef71  00         BRK
ef72  00         BRK
ef73  00         BRK
ef74  00         BRK
ef75  00         BRK
ef76  00         BRK
ef77  00         BRK
ef78  00         BRK
ef79  00         BRK
ef7a  00         BRK
ef7b  00         BRK
ef7c  00         BRK
ef7d  00         BRK
ef7e  00         BRK
ef7f  00         BRK
ef80  00         BRK
ef81  00         BRK
ef82  00         BRK
ef83  00         BRK
ef84  00         BRK
ef85  00         BRK
ef86  00         BRK
ef87  00         BRK
ef88  00         BRK
ef89  00         BRK
ef8a  00         BRK
ef8b  00         BRK
ef8c  00         BRK
ef8d  00         BRK
ef8e  00         BRK
ef8f  00         BRK
ef90  00         BRK
ef91  00         BRK
ef92  00         BRK
ef93  00         BRK
ef94  00         BRK
ef95  00         BRK
ef96  00         BRK
ef97  00         BRK
ef98  00         BRK
ef99  00         BRK
ef9a  00         BRK
ef9b  00         BRK
ef9c  00         BRK
ef9d  00         BRK
ef9e  00         BRK
ef9f  00         BRK
efa0  00         BRK
efa1  00         BRK
efa2  00         BRK
efa3  00         BRK
efa4  00         BRK
efa5  00         BRK
efa6  00         BRK
efa7  00         BRK
efa8  00         BRK
efa9  00         BRK
efaa  00         BRK
efab  00         BRK
efac  00         BRK
efad  00         BRK
efae  00         BRK
efaf  00         BRK
efb0  00         BRK
efb1  00         BRK
efb2  00         BRK
efb3  00         BRK
efb4  00         BRK
efb5  00         BRK
efb6  00         BRK
efb7  00         BRK
efb8  00         BRK
efb9  00         BRK
efba  00         BRK
efbb  00         BRK
efbc  00         BRK
efbd  00         BRK
efbe  00         BRK
efbf  00         BRK
efc0  00         BRK
efc1  00         BRK
efc2  00         BRK
efc3  00         BRK
efc4  00         BRK
efc5  00         BRK
efc6  00         BRK
efc7  00         BRK
efc8  00         BRK
efc9  00         BRK
efca  00         BRK
efcb  00         BRK
efcc  00         BRK
efcd  00         BRK
efce  00         BRK
efcf  00         BRK
efd0  00         BRK
efd1  00         BRK
efd2  00         BRK
efd3  00         BRK
efd4  00         BRK
efd5  00         BRK
efd6  00         BRK
efd7  00         BRK
efd8  00         BRK
efd9  00         BRK
efda  00         BRK
efdb  00         BRK
efdc  00         BRK
efdd  00         BRK
efde  00         BRK
efdf  00         BRK
efe0  00         BRK
efe1  00         BRK
efe2  00         BRK
efe3  00         BRK
efe4  00         BRK
efe5  00         BRK
efe6  00         BRK
efe7  00         BRK
efe8  00         BRK
efe9  00         BRK
efea  00         BRK
efeb  00         BRK
efec  00         BRK
efed  00         BRK
efee  00         BRK
efef  00         BRK
eff0  00         BRK
eff1  00         BRK
eff2  00         BRK
eff3  00         BRK
eff4  00         BRK
eff5  00         BRK
eff6  00         BRK
eff7  00         BRK
eff8  00         BRK
eff9  00         BRK
effa  00         BRK
effb  00         BRK
effc  00         BRK
effd  00         BRK
effe  00         BRK
efff  00         BRK
f000  00         BRK
f001  00         BRK
f002  00         BRK
f003  00         BRK
f004  00         BRK
f005  00         BRK
f006  00         BRK
f007  00         BRK
f008  00         BRK
f009  00         BRK
f00a  00         BRK
f00b  00         BRK
f00c  00         BRK
f00d  00         BRK
f00e  00         BRK
f00f  00         BRK
f010  00         BRK
f011  00         BRK
f012  00         BRK
f013  00         BRK
f014  00         BRK
f015  00         BRK
f016  00         BRK
f017  00         BRK
f018  00         BRK
f019  00         BRK
f01a  00         BRK
f01b  00         BRK
f01c  00         BRK
f01d  00         BRK
f01e  00         BRK
f01f  00         BRK
f020  00         BRK
f021  00         BRK
f022  00         BRK
f023  00         BRK
f024  00         BRK
f025  00         BRK
f026  00         BRK
f027  00         BRK
f028  00         BRK
f029  00         BRK
f02a  00         BRK
f02b  00         BRK
f02c  00         BRK
f02d  00         BRK
f02e  00         BRK
f02f  00         BRK
f030  00         BRK
f031  00         BRK
f032  00         BRK
f033  00         BRK
f034  00         BRK
f035  00         BRK
f036  00         BRK
f037  00         BRK
f038  00         BRK
f039  00         BRK
f03a  00         BRK
f03b  00         BRK
f03c  00         BRK
f03d  00         BRK
f03e  00         BRK
f03f  00         BRK
f040  00         BRK
f041  00         BRK
f042  00         BRK
f043  00         BRK
f044  00         BRK
f045  00         BRK
f046  00         BRK
f047  00         BRK
f048  00         BRK
f049  00         BRK
f04a  00         BRK
f04b  00         BRK
f04c  00         BRK
f04d  00         BRK
f04e  00         BRK
f04f  00         BRK
f050  00         BRK
f051  00         BRK
f052  00         BRK
f053  00         BRK
f054  00         BRK
f055  00         BRK
f056  00         BRK
f057  00         BRK
f058  00         BRK
f059  00         BRK
f05a  00         BRK
f05b  00         BRK
f05c  00         BRK
f05d  00         BRK
f05e  00         BRK
f05f  00         BRK
f060  00         BRK
f061  00         BRK
f062  00         BRK
f063  00         BRK
f064  00         BRK
f065  00         BRK
f066  00         BRK
f067  00         BRK
f068  00         BRK
f069  00         BRK
f06a  00         BRK
f06b  00         BRK
f06c  00         BRK
f06d  00         BRK
f06e  00         BRK
f06f  00         BRK
f070  00         BRK
f071  00         BRK
f072  00         BRK
f073  00         BRK
f074  00         BRK
f075  00         BRK
f076  00         BRK
f077  00         BRK
f078  00         BRK
f079  00         BRK
f07a  00         BRK
f07b  00         BRK
f07c  00         BRK
f07d  00         BRK
f07e  00         BRK
f07f  00         BRK
f080  00         BRK
f081  00         BRK
f082  00         BRK
f083  00         BRK
f084  00         BRK
f085  00         BRK
f086  00         BRK
f087  00         BRK
f088  00         BRK
f089  00         BRK
f08a  00         BRK
f08b  00         BRK
f08c  00         BRK
f08d  00         BRK
f08e  00         BRK
f08f  00         BRK
f090  00         BRK
f091  00         BRK
f092  00         BRK
f093  00         BRK
f094  00         BRK
f095  00         BRK
f096  00         BRK
f097  00         BRK
f098  00         BRK
f099  00         BRK
f09a  00         BRK
f09b  00         BRK
f09c  00         BRK
f09d  00         BRK
f09e  00         BRK
f09f  00         BRK
f0a0  00         BRK
f0a1  00         BRK
f0a2  00         BRK
f0a3  00         BRK
f0a4  00         BRK
f0a5  00         BRK
f0a6  00         BRK
f0a7  00         BRK
f0a8  00         BRK
f0a9  00         BRK
f0aa  00         BRK
f0ab  00         BRK
f0ac  00         BRK
f0ad  00         BRK
f0ae  00         BRK
f0af  00         BRK
f0b0  00         BRK
f0b1  00         BRK
f0b2  00         BRK
f0b3  00         BRK
f0b4  00         BRK
f0b5  00         BRK
f0b6  00         BRK
f0b7  00         BRK
f0b8  00         BRK
f0b9  00         BRK
f0ba  00         BRK
f0bb  00         BRK
f0bc  00         BRK
f0bd  00         BRK
f0be  00         BRK
f0bf  00         BRK
f0c0  00         BRK
f0c1  00         BRK
f0c2  00         BRK
f0c3  00         BRK
f0c4  00         BRK
f0c5  00         BRK
f0c6  00         BRK
f0c7  00         BRK
f0c8  00         BRK
f0c9  00         BRK
f0ca  00         BRK
f0cb  00         BRK
f0cc  00         BRK
f0cd  00         BRK
f0ce  00         BRK
f0cf  00         BRK
f0d0  00         BRK
f0d1  00         BRK
f0d2  00         BRK
f0d3  00         BRK
f0d4  00         BRK
f0d5  00         BRK
f0d6  00         BRK
f0d7  00         BRK
f0d8  00         BRK
f0d9  00         BRK
f0da  00         BRK
f0db  00         BRK
f0dc  00         BRK
f0dd  00         BRK
f0de  00         BRK
f0df  00         BRK
f0e0  00         BRK
f0e1  00         BRK
f0e2  00         BRK
f0e3  00         BRK
f0e4  00         BRK
f0e5  00         BRK
f0e6  00         BRK
f0e7  00         BRK
f0e8  00         BRK
f0e9  00         BRK
f0ea  00         BRK
f0eb  00         BRK
f0ec  00         BRK
f0ed  00         BRK
f0ee  00         BRK
f0ef  00         BRK
f0f0  00         BRK
f0f1  00         BRK
f0f2  00         BRK
f0f3  00         BRK
f0f4  00         BRK
f0f5  00         BRK
f0f6  00         BRK
f0f7  00         BRK
f0f8  00         BRK
f0f9  00         BRK
f0fa  00         BRK
f0fb  00         BRK
f0fc  00         BRK
f0fd  00         BRK
f0fe  00         BRK
f0ff  00         BRK
f100  00         BRK
f101  00         BRK
f102  00         BRK
f103  00         BRK
f104  00         BRK
f105  00         BRK
f106  00         BRK
f107  00         BRK
f108  00         BRK
f109  00         BRK
f10a  00         BRK
f10b  00         BRK
f10c  00         BRK
f10d  00         BRK
f10e  00         BRK
f10f  00         BRK
f110  00         BRK
f111  00         BRK
f112  00         BRK
f113  00         BRK
f114  00         BRK
f115  00         BRK
f116  00         BRK
f117  00         BRK
f118  00         BRK
f119  00         BRK
f11a  00         BRK
f11b  00         BRK
f11c  00         BRK
f11d  00         BRK
f11e  00         BRK
f11f  00         BRK
f120  00         BRK
f121  00         BRK
f122  00         BRK
f123  00         BRK
f124  00         BRK
f125  00         BRK
f126  00         BRK
f127  00         BRK
f128  00         BRK
f129  00         BRK
f12a  00         BRK
f12b  00         BRK
f12c  00         BRK
f12d  00         BRK
f12e  00         BRK
f12f  00         BRK
f130  00         BRK
f131  00         BRK
f132  00         BRK
f133  00         BRK
f134  00         BRK
f135  00         BRK
f136  00         BRK
f137  00         BRK
f138  00         BRK
f139  00         BRK
f13a  00         BRK
f13b  00         BRK
f13c  00         BRK
f13d  00         BRK
f13e  00         BRK
f13f  00         BRK
f140  00         BRK
f141  00         BRK
f142  00         BRK
f143  00         BRK
f144  00         BRK
f145  00         BRK
f146  00         BRK
f147  00         BRK
f148  00         BRK
f149  00         BRK
f14a  00         BRK
f14b  00         BRK
f14c  00         BRK
f14d  00         BRK
f14e  00         BRK
f14f  00         BRK
f150  00         BRK
f151  00         BRK
f152  00         BRK
f153  00         BRK
f154  00         BRK
f155  00         BRK
f156  00         BRK
f157  00         BRK
f158  00         BRK
f159  00         BRK
f15a  00         BRK
f15b  00         BRK
f15c  00         BRK
f15d  00         BRK
f15e  00         BRK
f15f  00         BRK
f160  00         BRK
f161  00         BRK
f162  00         BRK
f163  00         BRK
f164  00         BRK
f165  00         BRK
f166  00         BRK
f167  00         BRK
f168  00         BRK
f169  00         BRK
f16a  00         BRK
f16b  00         BRK
f16c  00         BRK
f16d  00         BRK
f16e  00         BRK
f16f  00         BRK
f170  00         BRK
f171  00         BRK
f172  00         BRK
f173  00         BRK
f174  00         BRK
f175  00         BRK
f176  00         BRK
f177  00         BRK
f178  00         BRK
f179  00         BRK
f17a  00         BRK
f17b  00         BRK
f17c  00         BRK
f17d  00         BRK
f17e  00         BRK
f17f  00         BRK
f180  00         BRK
f181  00         BRK
f182  00         BRK
f183  00         BRK
f184  00         BRK
f185  00         BRK
f186  00         BRK
f187  00         BRK
f188  00         BRK
f189  00         BRK
f18a  00         BRK
f18b  00         BRK
f18c  00         BRK
f18d  00         BRK
f18e  00         BRK
f18f  00         BRK
f190  00         BRK
f191  00         BRK
f192  00         BRK
f193  00         BRK
f194  00         BRK
f195  00         BRK
f196  00         BRK
f197  00         BRK
f198  00         BRK
f199  00         BRK
f19a  00         BRK
f19b  00         BRK
f19c  00         BRK
f19d  00         BRK
f19e  00         BRK
f19f  00         BRK
f1a0  00         BRK
f1a1  00         BRK
f1a2  00         BRK
f1a3  00         BRK
f1a4  00         BRK
f1a5  00         BRK
f1a6  00         BRK
f1a7  00         BRK
f1a8  00         BRK
f1a9  00         BRK
f1aa  00         BRK
f1ab  00         BRK
f1ac  00         BRK
f1ad  00         BRK
f1ae  00         BRK
f1af  00         BRK
f1b0  00         BRK
f1b1  00         BRK
f1b2  00         BRK
f1b3  00         BRK
f1b4  00         BRK
f1b5  00         BRK
f1b6  00         BRK
f1b7  00         BRK
f1b8  00         BRK
f1b9  00         BRK
f1ba  00         BRK
f1bb  00         BRK
f1bc  00         BRK
f1bd  00         BRK
f1be  00         BRK
f1bf  00         BRK
f1c0  00         BRK
f1c1  00         BRK
f1c2  00         BRK
f1c3  00         BRK
f1c4  00         BRK
f1c5  00         BRK
f1c6  00         BRK
f1c7  00         BRK
f1c8  00         BRK
f1c9  00         BRK
f1ca  00         BRK
f1cb  00         BRK
f1cc  00         BRK
f1cd  00         BRK
f1ce  00         BRK
f1cf  00         BRK
f1d0  00         BRK
f1d1  00         BRK
f1d2  00         BRK
f1d3  00         BRK
f1d4  00         BRK
f1d5  00         BRK
f1d6  00         BRK
f1d7  00         BRK
f1d8  00         BRK
f1d9  00         BRK
f1da  00         BRK
f1db  00         BRK
f1dc  00         BRK
f1dd  00         BRK
f1de  00         BRK
f1df  00         BRK
f1e0  00         BRK
f1e1  00         BRK
f1e2  00         BRK
f1e3  00         BRK
f1e4  00         BRK
f1e5  00         BRK
f1e6  00         BRK
f1e7  00         BRK
f1e8  00         BRK
f1e9  00         BRK
f1ea  00         BRK
f1eb  00         BRK
f1ec  00         BRK
f1ed  00         BRK
f1ee  00         BRK
f1ef  00         BRK
f1f0  00         BRK
f1f1  00         BRK
f1f2  00         BRK
f1f3  00         BRK
f1f4  00         BRK
f1f5  00         BRK
f1f6  00         BRK
f1f7  00         BRK
f1f8  00         BRK
f1f9  00         BRK
f1fa  00         BRK
f1fb  00         BRK
f1fc  00         BRK
f1fd  00         BRK
f1fe  00         BRK
f1ff  00         BRK
f200  00         BRK
f201  00         BRK
f202  00         BRK
f203  00         BRK
f204  00         BRK
f205  00         BRK
f206  00         BRK
f207  00         BRK
f208  00         BRK
f209  00         BRK
f20a  00         BRK
f20b  00         BRK
f20c  00         BRK
f20d  00         BRK
f20e  00         BRK
f20f  00         BRK
f210  00         BRK
f211  00         BRK
f212  00         BRK
f213  00         BRK
f214  00         BRK
f215  00         BRK
f216  00         BRK
f217  00         BRK
f218  00         BRK
f219  00         BRK
f21a  00         BRK
f21b  00         BRK
f21c  00         BRK
f21d  00         BRK
f21e  00         BRK
f21f  00         BRK
f220  00         BRK
f221  00         BRK
f222  00         BRK
f223  00         BRK
f224  00         BRK
f225  00         BRK
f226  00         BRK
f227  00         BRK
f228  00         BRK
f229  00         BRK
f22a  00         BRK
f22b  00         BRK
f22c  00         BRK
f22d  00         BRK
f22e  00         BRK
f22f  00         BRK
f230  00         BRK
f231  00         BRK
f232  00         BRK
f233  00         BRK
f234  00         BRK
f235  00         BRK
f236  00         BRK
f237  00         BRK
f238  00         BRK
f239  00         BRK
f23a  00         BRK
f23b  00         BRK
f23c  00         BRK
f23d  00         BRK
f23e  00         BRK
f23f  00         BRK
f240  00         BRK
f241  00         BRK
f242  00         BRK
f243  00         BRK
f244  00         BRK
f245  00         BRK
f246  00         BRK
f247  00         BRK
f248  00         BRK
f249  00         BRK
f24a  00         BRK
f24b  00         BRK
f24c  00         BRK
f24d  00         BRK
f24e  00         BRK
f24f  00         BRK
f250  00         BRK
f251  00         BRK
f252  00         BRK
f253  00         BRK
f254  00         BRK
f255  00         BRK
f256  00         BRK
f257  00         BRK
f258  00         BRK
f259  00         BRK
f25a  00         BRK
f25b  00         BRK
f25c  00         BRK
f25d  00         BRK
f25e  00         BRK
f25f  00         BRK
f260  00         BRK
f261  00         BRK
f262  00         BRK
f263  00         BRK
f264  00         BRK
f265  00         BRK
f266  00         BRK
f267  00         BRK
f268  00         BRK
f269  00         BRK
f26a  00         BRK
f26b  00         BRK
f26c  00         BRK
f26d  00         BRK
f26e  00         BRK
f26f  00         BRK
f270  00         BRK
f271  00         BRK
f272  00         BRK
f273  00         BRK
f274  00         BRK
f275  00         BRK
f276  00         BRK
f277  00         BRK
f278  00         BRK
f279  00         BRK
f27a  00         BRK
f27b  00         BRK
f27c  00         BRK
f27d  00         BRK
f27e  00         BRK
f27f  00         BRK
f280  00         BRK
f281  00         BRK
f282  00         BRK
f283  00         BRK
f284  00         BRK
f285  00         BRK
f286  00         BRK
f287  00         BRK
f288  00         BRK
f289  00         BRK
f28a  00         BRK
f28b  00         BRK
f28c  00         BRK
f28d  00         BRK
f28e  00         BRK
f28f  00         BRK
f290  00         BRK
f291  00         BRK
f292  00         BRK
f293  00         BRK
f294  00         BRK
f295  00         BRK
f296  00         BRK
f297  00         BRK
f298  00         BRK
f299  00         BRK
f29a  00         BRK
f29b  00         BRK
f29c  00         BRK
f29d  00         BRK
f29e  00         BRK
f29f  00         BRK
f2a0  00         BRK
f2a1  00         BRK
f2a2  00         BRK
f2a3  00         BRK
f2a4  00         BRK
f2a5  00         BRK
f2a6  00         BRK
f2a7  00         BRK
f2a8  00         BRK
f2a9  00         BRK
f2aa  00         BRK
f2ab  00         BRK
f2ac  00         BRK
f2ad  00         BRK
f2ae  00         BRK
f2af  00         BRK
f2b0  00         BRK
f2b1  00         BRK
f2b2  00         BRK
f2b3  00         BRK
f2b4  00         BRK
f2b5  00         BRK
f2b6  00         BRK
f2b7  00         BRK
f2b8  00         BRK
f2b9  00         BRK
f2ba  00         BRK
f2bb  00         BRK
f2bc  00         BRK
f2bd  00         BRK
f2be  00         BRK
f2bf  00         BRK
f2c0  00         BRK
f2c1  00         BRK
f2c2  00         BRK
f2c3  00         BRK
f2c4  00         BRK
f2c5  00         BRK
f2c6  00         BRK
f2c7  00         BRK
f2c8  00         BRK
f2c9  00         BRK
f2ca  00         BRK
f2cb  00         BRK
f2cc  00         BRK
f2cd  00         BRK
f2ce  00         BRK
f2cf  00         BRK
f2d0  00         BRK
f2d1  00         BRK
f2d2  00         BRK
f2d3  00         BRK
f2d4  00         BRK
f2d5  00         BRK
f2d6  00         BRK
f2d7  00         BRK
f2d8  00         BRK
f2d9  00         BRK
f2da  00         BRK
f2db  00         BRK
f2dc  00         BRK
f2dd  00         BRK
f2de  00         BRK
f2df  00         BRK
f2e0  00         BRK
f2e1  00         BRK
f2e2  00         BRK
f2e3  00         BRK
f2e4  00         BRK
f2e5  00         BRK
f2e6  00         BRK
f2e7  00         BRK
f2e8  00         BRK
f2e9  00         BRK
f2ea  00         BRK
f2eb  00         BRK
f2ec  00         BRK
f2ed  00         BRK
f2ee  00         BRK
f2ef  00         BRK
f2f0  00         BRK
f2f1  00         BRK
f2f2  00         BRK
f2f3  00         BRK
f2f4  00         BRK
f2f5  00         BRK
f2f6  00         BRK
f2f7  00         BRK
f2f8  00         BRK
f2f9  00         BRK
f2fa  00         BRK
f2fb  00         BRK
f2fc  00         BRK
f2fd  00         BRK
f2fe  00         BRK
f2ff  00         BRK
f300  00         BRK
f301  00         BRK
f302  00         BRK
f303  00         BRK
f304  00         BRK
f305  00         BRK
f306  00         BRK
f307  00         BRK
f308  00         BRK
f309  00         BRK
f30a  00         BRK
f30b  00         BRK
f30c  00         BRK
f30d  00         BRK
f30e  00         BRK
f30f  00         BRK
f310  00         BRK
f311  00         BRK
f312  00         BRK
f313  00         BRK
f314  00         BRK
f315  00         BRK
f316  00         BRK
f317  00         BRK
f318  00         BRK
f319  00         BRK
f31a  00         BRK
f31b  00         BRK
f31c  00         BRK
f31d  00         BRK
f31e  00         BRK
f31f  00         BRK
f320  00         BRK
f321  00         BRK
f322  00         BRK
f323  00         BRK
f324  00         BRK
f325  00         BRK
f326  00         BRK
f327  00         BRK
f328  00         BRK
f329  00         BRK
f32a  00         BRK
f32b  00         BRK
f32c  00         BRK
f32d  00         BRK
f32e  00         BRK
f32f  00         BRK
f330  00         BRK
f331  00         BRK
f332  00         BRK
f333  00         BRK
f334  00         BRK
f335  00         BRK
f336  00         BRK
f337  00         BRK
f338  00         BRK
f339  00         BRK
f33a  00         BRK
f33b  00         BRK
f33c  00         BRK
f33d  00         BRK
f33e  00         BRK
f33f  00         BRK
f340  00         BRK
f341  00         BRK
f342  00         BRK
f343  00         BRK
f344  00         BRK
f345  00         BRK
f346  00         BRK
f347  00         BRK
f348  00         BRK
f349  00         BRK
f34a  00         BRK
f34b  00         BRK
f34c  00         BRK
f34d  00         BRK
f34e  00         BRK
f34f  00         BRK
f350  00         BRK
f351  00         BRK
f352  00         BRK
f353  00         BRK
f354  00         BRK
f355  00         BRK
f356  00         BRK
f357  00         BRK
f358  00         BRK
f359  00         BRK
f35a  00         BRK
f35b  00         BRK
f35c  00         BRK
f35d  00         BRK
f35e  00         BRK
f35f  00         BRK
f360  00         BRK
f361  00         BRK
f362  00         BRK
f363  00         BRK
f364  00         BRK
f365  00         BRK
f366  00         BRK
f367  00         BRK
f368  00         BRK
f369  00         BRK
f36a  00         BRK
f36b  00         BRK
f36c  00         BRK
f36d  00         BRK
f36e  00         BRK
f36f  00         BRK
f370  00         BRK
f371  00         BRK
f372  00         BRK
f373  00         BRK
f374  00         BRK
f375  00         BRK
f376  00         BRK
f377  00         BRK
f378  00         BRK
f379  00         BRK
f37a  00         BRK
f37b  00         BRK
f37c  00         BRK
f37d  00         BRK
f37e  00         BRK
f37f  00         BRK
f380  00         BRK
f381  00         BRK
f382  00         BRK
f383  00         BRK
f384  00         BRK
f385  00         BRK
f386  00         BRK
f387  00         BRK
f388  00         BRK
f389  00         BRK
f38a  00         BRK
f38b  00         BRK
f38c  00         BRK
f38d  00         BRK
f38e  00         BRK
f38f  00         BRK
f390  00         BRK
f391  00         BRK
f392  00         BRK
f393  00         BRK
f394  00         BRK
f395  00         BRK
f396  00         BRK
f397  00         BRK
f398  00         BRK
f399  00         BRK
f39a  00         BRK
f39b  00         BRK
f39c  00         BRK
f39d  00         BRK
f39e  00         BRK
f39f  00         BRK
f3a0  00         BRK
f3a1  00         BRK
f3a2  00         BRK
f3a3  00         BRK
f3a4  00         BRK
f3a5  00         BRK
f3a6  00         BRK
f3a7  00         BRK
f3a8  00         BRK
f3a9  00         BRK
f3aa  00         BRK
f3ab  00         BRK
f3ac  00         BRK
f3ad  00         BRK
f3ae  00         BRK
f3af  00         BRK
f3b0  00         BRK
f3b1  00         BRK
f3b2  00         BRK
f3b3  00         BRK
f3b4  00         BRK
f3b5  00         BRK
f3b6  00         BRK
f3b7  00         BRK
f3b8  00         BRK
f3b9  00         BRK
f3ba  00         BRK
f3bb  00         BRK
f3bc  00         BRK
f3bd  00         BRK
f3be  00         BRK
f3bf  00         BRK
f3c0  00         BRK
f3c1  00         BRK
f3c2  00         BRK
f3c3  00         BRK
f3c4  00         BRK
f3c5  00         BRK
f3c6  00         BRK
f3c7  00         BRK
f3c8  00         BRK
f3c9  00         BRK
f3ca  00         BRK
f3cb  00         BRK
f3cc  00         BRK
f3cd  00         BRK
f3ce  00         BRK
f3cf  00         BRK
f3d0  00         BRK
f3d1  00         BRK
f3d2  00         BRK
f3d3  00         BRK
f3d4  00         BRK
f3d5  00         BRK
f3d6  00         BRK
f3d7  00         BRK
f3d8  00         BRK
f3d9  00         BRK
f3da  00         BRK
f3db  00         BRK
f3dc  00         BRK
f3dd  00         BRK
f3de  00         BRK
f3df  00         BRK
f3e0  00         BRK
f3e1  00         BRK
f3e2  00         BRK
f3e3  00         BRK
f3e4  00         BRK
f3e5  00         BRK
f3e6  00         BRK
f3e7  00         BRK
f3e8  00         BRK
f3e9  00         BRK
f3ea  00         BRK
f3eb  00         BRK
f3ec  00         BRK
f3ed  00         BRK
f3ee  00         BRK
f3ef  00         BRK
f3f0  00         BRK
f3f1  00         BRK
f3f2  00         BRK
f3f3  00         BRK
f3f4  00         BRK
f3f5  00         BRK
f3f6  00         BRK
f3f7  00         BRK
f3f8  00         BRK
f3f9  00         BRK
f3fa  00         BRK
f3fb  00         BRK
f3fc  00         BRK
f3fd  00         BRK
f3fe  00         BRK
f3ff  00         BRK
f400  00         BRK
f401  00         BRK
f402  00         BRK
f403  00         BRK
f404  00         BRK
f405  00         BRK
f406  00         BRK
f407  00         BRK
f408  00         BRK
f409  00         BRK
f40a  00         BRK
f40b  00         BRK
f40c  00         BRK
f40d  00         BRK
f40e  00         BRK
f40f  00         BRK
f410  00         BRK
f411  00         BRK
f412  00         BRK
f413  00         BRK
f414  00         BRK
f415  00         BRK
f416  00         BRK
f417  00         BRK
f418  00         BRK
f419  00         BRK
f41a  00         BRK
f41b  00         BRK
f41c  00         BRK
f41d  00         BRK
f41e  00         BRK
f41f  00         BRK
f420  00         BRK
f421  00         BRK
f422  00         BRK
f423  00         BRK
f424  00         BRK
f425  00         BRK
f426  00         BRK
f427  00         BRK
f428  00         BRK
f429  00         BRK
f42a  00         BRK
f42b  00         BRK
f42c  00         BRK
f42d  00         BRK
f42e  00         BRK
f42f  00         BRK
f430  00         BRK
f431  00         BRK
f432  00         BRK
f433  00         BRK
f434  00         BRK
f435  00         BRK
f436  00         BRK
f437  00         BRK
f438  00         BRK
f439  00         BRK
f43a  00         BRK
f43b  00         BRK
f43c  00         BRK
f43d  00         BRK
f43e  00         BRK
f43f  00         BRK
f440  00         BRK
f441  00         BRK
f442  00         BRK
f443  00         BRK
f444  00         BRK
f445  00         BRK
f446  00         BRK
f447  00         BRK
f448  00         BRK
f449  00         BRK
f44a  00         BRK
f44b  00         BRK
f44c  00         BRK
f44d  00         BRK
f44e  00         BRK
f44f  00         BRK
f450  00         BRK
f451  00         BRK
f452  00         BRK
f453  00         BRK
f454  00         BRK
f455  00         BRK
f456  00         BRK
f457  00         BRK
f458  00         BRK
f459  00         BRK
f45a  00         BRK
f45b  00         BRK
f45c  00         BRK
f45d  00         BRK
f45e  00         BRK
f45f  00         BRK
f460  00         BRK
f461  00         BRK
f462  00         BRK
f463  00         BRK
f464  00         BRK
f465  00         BRK
f466  00         BRK
f467  00         BRK
f468  00         BRK
f469  00         BRK
f46a  00         BRK
f46b  00         BRK
f46c  00         BRK
f46d  00         BRK
f46e  00         BRK
f46f  00         BRK
f470  00         BRK
f471  00         BRK
f472  00         BRK
f473  00         BRK
f474  00         BRK
f475  00         BRK
f476  00         BRK
f477  00         BRK
f478  00         BRK
f479  00         BRK
f47a  00         BRK
f47b  00         BRK
f47c  00         BRK
f47d  00         BRK
f47e  00         BRK
f47f  00         BRK
f480  00         BRK
f481  00         BRK
f482  00         BRK
f483  00         BRK
f484  00         BRK
f485  00         BRK
f486  00         BRK
f487  00         BRK
f488  00         BRK
f489  00         BRK
f48a  00         BRK
f48b  00         BRK
f48c  00         BRK
f48d  00         BRK
f48e  00         BRK
f48f  00         BRK
f490  00         BRK
f491  00         BRK
f492  00         BRK
f493  00         BRK
f494  00         BRK
f495  00         BRK
f496  00         BRK
f497  00         BRK
f498  00         BRK
f499  00         BRK
f49a  00         BRK
f49b  00         BRK
f49c  00         BRK
f49d  00         BRK
f49e  00         BRK
f49f  00         BRK
f4a0  00         BRK
f4a1  00         BRK
f4a2  00         BRK
f4a3  00         BRK
f4a4  00         BRK
f4a5  00         BRK
f4a6  00         BRK
f4a7  00         BRK
f4a8  00         BRK
f4a9  00         BRK
f4aa  00         BRK
f4ab  00         BRK
f4ac  00         BRK
f4ad  00         BRK
f4ae  00         BRK
f4af  00         BRK
f4b0  00         BRK
f4b1  00         BRK
f4b2  00         BRK
f4b3  00         BRK
f4b4  00         BRK
f4b5  00         BRK
f4b6  00         BRK
f4b7  00         BRK
f4b8  00         BRK
f4b9  00         BRK
f4ba  00         BRK
f4bb  00         BRK
f4bc  00         BRK
f4bd  00         BRK
f4be  00         BRK
f4bf  00         BRK
f4c0  00         BRK
f4c1  00         BRK
f4c2  00         BRK
f4c3  00         BRK
f4c4  00         BRK
f4c5  00         BRK
f4c6  00         BRK
f4c7  00         BRK
f4c8  00         BRK
f4c9  00         BRK
f4ca  00         BRK
f4cb  00         BRK
f4cc  00         BRK
f4cd  00         BRK
f4ce  00         BRK
f4cf  00         BRK
f4d0  00         BRK
f4d1  00         BRK
f4d2  00         BRK
f4d3  00         BRK
f4d4  00         BRK
f4d5  00         BRK
f4d6  00         BRK
f4d7  00         BRK
f4d8  00         BRK
f4d9  00         BRK
f4da  00         BRK
f4db  00         BRK
f4dc  00         BRK
f4dd  00         BRK
f4de  00         BRK
f4df  00         BRK
f4e0  00         BRK
f4e1  00         BRK
f4e2  00         BRK
f4e3  00         BRK
f4e4  00         BRK
f4e5  00         BRK
f4e6  00         BRK
f4e7  00         BRK
f4e8  00         BRK
f4e9  00         BRK
f4ea  00         BRK
f4eb  00         BRK
f4ec  00         BRK
f4ed  00         BRK
f4ee  00         BRK
f4ef  00         BRK
f4f0  00         BRK
f4f1  00         BRK
f4f2  00         BRK
f4f3  00         BRK
f4f4  00         BRK
f4f5  00         BRK
f4f6  00         BRK
f4f7  00         BRK
f4f8  00         BRK
f4f9  00         BRK
f4fa  00         BRK
f4fb  00         BRK
f4fc  00         BRK
f4fd  00         BRK
f4fe  00         BRK
f4ff  00         BRK
f500  00         BRK
f501  00         BRK
f502  00         BRK
f503  00         BRK
f504  00         BRK
f505  00         BRK
f506  00         BRK
f507  00         BRK
f508  00         BRK
f509  00         BRK
f50a  00         BRK
f50b  00         BRK
f50c  00         BRK
f50d  00         BRK
f50e  00         BRK
f50f  00         BRK
f510  00         BRK
f511  00         BRK
f512  00         BRK
f513  00         BRK
f514  00         BRK
f515  00         BRK
f516  00         BRK
f517  00         BRK
f518  00         BRK
f519  00         BRK
f51a  00         BRK
f51b  00         BRK
f51c  00         BRK
f51d  00         BRK
f51e  00         BRK
f51f  00         BRK
f520  00         BRK
f521  00         BRK
f522  00         BRK
f523  00         BRK
f524  00         BRK
f525  00         BRK
f526  00         BRK
f527  00         BRK
f528  00         BRK
f529  00         BRK
f52a  00         BRK
f52b  00         BRK
f52c  00         BRK
f52d  00         BRK
f52e  00         BRK
f52f  00         BRK
f530  00         BRK
f531  00         BRK
f532  00         BRK
f533  00         BRK
f534  00         BRK
f535  00         BRK
f536  00         BRK
f537  00         BRK
f538  00         BRK
f539  00         BRK
f53a  00         BRK
f53b  00         BRK
f53c  00         BRK
f53d  00         BRK
f53e  00         BRK
f53f  00         BRK
f540  00         BRK
f541  00         BRK
f542  00         BRK
f543  00         BRK
f544  00         BRK
f545  00         BRK
f546  00         BRK
f547  00         BRK
f548  00         BRK
f549  00         BRK
f54a  00         BRK
f54b  00         BRK
f54c  00         BRK
f54d  00         BRK
f54e  00         BRK
f54f  00         BRK
f550  00         BRK
f551  00         BRK
f552  00         BRK
f553  00         BRK
f554  00         BRK
f555  00         BRK
f556  00         BRK
f557  00         BRK
f558  00         BRK
f559  00         BRK
f55a  00         BRK
f55b  00         BRK
f55c  00         BRK
f55d  00         BRK
f55e  00         BRK
f55f  00         BRK
f560  00         BRK
f561  00         BRK
f562  00         BRK
f563  00         BRK
f564  00         BRK
f565  00         BRK
f566  00         BRK
f567  00         BRK
f568  00         BRK
f569  00         BRK
f56a  00         BRK
f56b  00         BRK
f56c  00         BRK
f56d  00         BRK
f56e  00         BRK
f56f  00         BRK
f570  00         BRK
f571  00         BRK
f572  00         BRK
f573  00         BRK
f574  00         BRK
f575  00         BRK
f576  00         BRK
f577  00         BRK
f578  00         BRK
f579  00         BRK
f57a  00         BRK
f57b  00         BRK
f57c  00         BRK
f57d  00         BRK
f57e  00         BRK
f57f  00         BRK
f580  00         BRK
f581  00         BRK
f582  00         BRK
f583  00         BRK
f584  00         BRK
f585  00         BRK
f586  00         BRK
f587  00         BRK
f588  00         BRK
f589  00         BRK
f58a  00         BRK
f58b  00         BRK
f58c  00         BRK
f58d  00         BRK
f58e  00         BRK
f58f  00         BRK
f590  00         BRK
f591  00         BRK
f592  00         BRK
f593  00         BRK
f594  00         BRK
f595  00         BRK
f596  00         BRK
f597  00         BRK
f598  00         BRK
f599  00         BRK
f59a  00         BRK
f59b  00         BRK
f59c  00         BRK
f59d  00         BRK
f59e  00         BRK
f59f  00         BRK
f5a0  00         BRK
f5a1  00         BRK
f5a2  00         BRK
f5a3  00         BRK
f5a4  00         BRK
f5a5  00         BRK
f5a6  00         BRK
f5a7  00         BRK
f5a8  00         BRK
f5a9  00         BRK
f5aa  00         BRK
f5ab  00         BRK
f5ac  00         BRK
f5ad  00         BRK
f5ae  00         BRK
f5af  00         BRK
f5b0  00         BRK
f5b1  00         BRK
f5b2  00         BRK
f5b3  00         BRK
f5b4  00         BRK
f5b5  00         BRK
f5b6  00         BRK
f5b7  00         BRK
f5b8  00         BRK
f5b9  00         BRK
f5ba  00         BRK
f5bb  00         BRK
f5bc  00         BRK
f5bd  00         BRK
f5be  00         BRK
f5bf  00         BRK
f5c0  00         BRK
f5c1  00         BRK
f5c2  00         BRK
f5c3  00         BRK
f5c4  00         BRK
f5c5  00         BRK
f5c6  00         BRK
f5c7  00         BRK
f5c8  00         BRK
f5c9  00         BRK
f5ca  00         BRK
f5cb  00         BRK
f5cc  00         BRK
f5cd  00         BRK
f5ce  00         BRK
f5cf  00         BRK
f5d0  00         BRK
f5d1  00         BRK
f5d2  00         BRK
f5d3  00         BRK
f5d4  00         BRK
f5d5  00         BRK
f5d6  00         BRK
f5d7  00         BRK
f5d8  00         BRK
f5d9  00         BRK
f5da  00         BRK
f5db  00         BRK
f5dc  00         BRK
f5dd  00         BRK
f5de  00         BRK
f5df  00         BRK
f5e0  00         BRK
f5e1  00         BRK
f5e2  00         BRK
f5e3  00         BRK
f5e4  00         BRK
f5e5  00         BRK
f5e6  00         BRK
f5e7  00         BRK
f5e8  00         BRK
f5e9  00         BRK
f5ea  00         BRK
f5eb  00         BRK
f5ec  00         BRK
f5ed  00         BRK
f5ee  00         BRK
f5ef  00         BRK
f5f0  00         BRK
f5f1  00         BRK
f5f2  00         BRK
f5f3  00         BRK
f5f4  00         BRK
f5f5  00         BRK
f5f6  00         BRK
f5f7  00         BRK
f5f8  00         BRK
f5f9  00         BRK
f5fa  00         BRK
f5fb  00         BRK
f5fc  00         BRK
f5fd  00         BRK
f5fe  00         BRK
f5ff  00         BRK
f600  00         BRK
f601  00         BRK
f602  00         BRK
f603  00         BRK
f604  00         BRK
f605  00         BRK
f606  00         BRK
f607  00         BRK
f608  00         BRK
f609  00         BRK
f60a  00         BRK
f60b  00         BRK
f60c  00         BRK
f60d  00         BRK
f60e  00         BRK
f60f  00         BRK
f610  00         BRK
f611  00         BRK
f612  00         BRK
f613  00         BRK
f614  00         BRK
f615  00         BRK
f616  00         BRK
f617  00         BRK
f618  00         BRK
f619  00         BRK
f61a  00         BRK
f61b  00         BRK
f61c  00         BRK
f61d  00         BRK
f61e  00         BRK
f61f  00         BRK
f620  00         BRK
f621  00         BRK
f622  00         BRK
f623  00         BRK
f624  00         BRK
f625  00         BRK
f626  00         BRK
f627  00         BRK
f628  00         BRK
f629  00         BRK
f62a  00         BRK
f62b  00         BRK
f62c  00         BRK
f62d  00         BRK
f62e  00         BRK
f62f  00         BRK
f630  00         BRK
f631  00         BRK
f632  00         BRK
f633  00         BRK
f634  00         BRK
f635  00         BRK
f636  00         BRK
f637  00         BRK
f638  00         BRK
f639  00         BRK
f63a  00         BRK
f63b  00         BRK
f63c  00         BRK
f63d  00         BRK
f63e  00         BRK
f63f  00         BRK
f640  00         BRK
f641  00         BRK
f642  00         BRK
f643  00         BRK
f644  00         BRK
f645  00         BRK
f646  00         BRK
f647  00         BRK
f648  00         BRK
f649  00         BRK
f64a  00         BRK
f64b  00         BRK
f64c  00         BRK
f64d  00         BRK
f64e  00         BRK
f64f  00         BRK
f650  00         BRK
f651  00         BRK
f652  00         BRK
f653  00         BRK
f654  00         BRK
f655  00         BRK
f656  00         BRK
f657  00         BRK
f658  00         BRK
f659  00         BRK
f65a  00         BRK
f65b  00         BRK
f65c  00         BRK
f65d  00         BRK
f65e  00         BRK
f65f  00         BRK
f660  00         BRK
f661  00         BRK
f662  00         BRK
f663  00         BRK
f664  00         BRK
f665  00         BRK
f666  00         BRK
f667  00         BRK
f668  00         BRK
f669  00         BRK
f66a  00         BRK
f66b  00         BRK
f66c  00         BRK
f66d  00         BRK
f66e  00         BRK
f66f  00         BRK
f670  00         BRK
f671  00         BRK
f672  00         BRK
f673  00         BRK
f674  00         BRK
f675  00         BRK
f676  00         BRK
f677  00         BRK
f678  00         BRK
f679  00         BRK
f67a  00         BRK
f67b  00         BRK
f67c  00         BRK
f67d  00         BRK
f67e  00         BRK
f67f  00         BRK
f680  00         BRK
f681  00         BRK
f682  00         BRK
f683  00         BRK
f684  00         BRK
f685  00         BRK
f686  00         BRK
f687  00         BRK
f688  00         BRK
f689  00         BRK
f68a  00         BRK
f68b  00         BRK
f68c  00         BRK
f68d  00         BRK
f68e  00         BRK
f68f  00         BRK
f690  00         BRK
f691  00         BRK
f692  00         BRK
f693  00         BRK
f694  00         BRK
f695  00         BRK
f696  00         BRK
f697  00         BRK
f698  00         BRK
f699  00         BRK
f69a  00         BRK
f69b  00         BRK
f69c  00         BRK
f69d  00         BRK
f69e  00         BRK
f69f  00         BRK
f6a0  00         BRK
f6a1  00         BRK
f6a2  00         BRK
f6a3  00         BRK
f6a4  00         BRK
f6a5  00         BRK
f6a6  00         BRK
f6a7  00         BRK
f6a8  00         BRK
f6a9  00         BRK
f6aa  00         BRK
f6ab  00         BRK
f6ac  00         BRK
f6ad  00         BRK
f6ae  00         BRK
f6af  00         BRK
f6b0  00         BRK
f6b1  00         BRK
f6b2  00         BRK
f6b3  00         BRK
f6b4  00         BRK
f6b5  00         BRK
f6b6  00         BRK
f6b7  00         BRK
f6b8  00         BRK
f6b9  00         BRK
f6ba  00         BRK
f6bb  00         BRK
f6bc  00         BRK
f6bd  00         BRK
f6be  00         BRK
f6bf  00         BRK
f6c0  00         BRK
f6c1  00         BRK
f6c2  00         BRK
f6c3  00         BRK
f6c4  00         BRK
f6c5  00         BRK
f6c6  00         BRK
f6c7  00         BRK
f6c8  00         BRK
f6c9  00         BRK
f6ca  00         BRK
f6cb  00         BRK
f6cc  00         BRK
f6cd  00         BRK
f6ce  00         BRK
f6cf  00         BRK
f6d0  00         BRK
f6d1  00         BRK
f6d2  00         BRK
f6d3  00         BRK
f6d4  00         BRK
f6d5  00         BRK
f6d6  00         BRK
f6d7  00         BRK
f6d8  00         BRK
f6d9  00         BRK
f6da  00         BRK
f6db  00         BRK
f6dc  00         BRK
f6dd  00         BRK
f6de  00         BRK
f6df  00         BRK
f6e0  00         BRK
f6e1  00         BRK
f6e2  00         BRK
f6e3  00         BRK
f6e4  00         BRK
f6e5  00         BRK
f6e6  00         BRK
f6e7  00         BRK
f6e8  00         BRK
f6e9  00         BRK
f6ea  00         BRK
f6eb  00         BRK
f6ec  00         BRK
f6ed  00         BRK
f6ee  00         BRK
f6ef  00         BRK
f6f0  00         BRK
f6f1  00         BRK
f6f2  00         BRK
f6f3  00         BRK
f6f4  00         BRK
f6f5  00         BRK
f6f6  00         BRK
f6f7  00         BRK
f6f8  00         BRK
f6f9  00         BRK
f6fa  00         BRK
f6fb  00         BRK
f6fc  00         BRK
f6fd  00         BRK
f6fe  00         BRK
f6ff  00         BRK
f700  00         BRK
f701  00         BRK
f702  00         BRK
f703  00         BRK
f704  00         BRK
f705  00         BRK
f706  00         BRK
f707  00         BRK
f708  00         BRK
f709  00         BRK
f70a  00         BRK
f70b  00         BRK
f70c  00         BRK
f70d  00         BRK
f70e  00         BRK
f70f  00         BRK
f710  00         BRK
f711  00         BRK
f712  00         BRK
f713  00         BRK
f714  00         BRK
f715  00         BRK
f716  00         BRK
f717  00         BRK
f718  00         BRK
f719  00         BRK
f71a  00         BRK
f71b  00         BRK
f71c  00         BRK
f71d  00         BRK
f71e  00         BRK
f71f  00         BRK
f720  00         BRK
f721  00         BRK
f722  00         BRK
f723  00         BRK
f724  00         BRK
f725  00         BRK
f726  00         BRK
f727  00         BRK
f728  00         BRK
f729  00         BRK
f72a  00         BRK
f72b  00         BRK
f72c  00         BRK
f72d  00         BRK
f72e  00         BRK
f72f  00         BRK
f730  00         BRK
f731  00         BRK
f732  00         BRK
f733  00         BRK
f734  00         BRK
f735  00         BRK
f736  00         BRK
f737  00         BRK
f738  00         BRK
f739  00         BRK
f73a  00         BRK
f73b  00         BRK
f73c  00         BRK
f73d  00         BRK
f73e  00         BRK
f73f  00         BRK
f740  00         BRK
f741  00         BRK
f742  00         BRK
f743  00         BRK
f744  00         BRK
f745  00         BRK
f746  00         BRK
f747  00         BRK
f748  00         BRK
f749  00         BRK
f74a  00         BRK
f74b  00         BRK
f74c  00         BRK
f74d  00         BRK
f74e  00         BRK
f74f  00         BRK
f750  00         BRK
f751  00         BRK
f752  00         BRK
f753  00         BRK
f754  00         BRK
f755  00         BRK
f756  00         BRK
f757  00         BRK
f758  00         BRK
f759  00         BRK
f75a  00         BRK
f75b  00         BRK
f75c  00         BRK
f75d  00         BRK
f75e  00         BRK
f75f  00         BRK
f760  00         BRK
f761  00         BRK
f762  00         BRK
f763  00         BRK
f764  00         BRK
f765  00         BRK
f766  00         BRK
f767  00         BRK
f768  00         BRK
f769  00         BRK
f76a  00         BRK
f76b  00         BRK
f76c  00         BRK
f76d  00         BRK
f76e  00         BRK
f76f  00         BRK
f770  00         BRK
f771  00         BRK
f772  00         BRK
f773  00         BRK
f774  00         BRK
f775  00         BRK
f776  00         BRK
f777  00         BRK
f778  00         BRK
f779  00         BRK
f77a  00         BRK
f77b  00         BRK
f77c  00         BRK
f77d  00         BRK
f77e  00         BRK
f77f  00         BRK
f780  00         BRK
f781  00         BRK
f782  00         BRK
f783  00         BRK
f784  00         BRK
f785  00         BRK
f786  00         BRK
f787  00         BRK
f788  00         BRK
f789  00         BRK
f78a  00         BRK
f78b  00         BRK
f78c  00         BRK
f78d  00         BRK
f78e  00         BRK
f78f  00         BRK
f790  00         BRK
f791  00         BRK
f792  00         BRK
f793  00         BRK
f794  00         BRK
f795  00         BRK
f796  00         BRK
f797  00         BRK
f798  00         BRK
f799  00         BRK
f79a  00         BRK
f79b  00         BRK
f79c  00         BRK
f79d  00         BRK
f79e  00         BRK
f79f  00         BRK
f7a0  00         BRK
f7a1  00         BRK
f7a2  00         BRK
f7a3  00         BRK
f7a4  00         BRK
f7a5  00         BRK
f7a6  00         BRK
f7a7  00         BRK
f7a8  00         BRK
f7a9  00         BRK
f7aa  00         BRK
f7ab  00         BRK
f7ac  00         BRK
f7ad  00         BRK
f7ae  00         BRK
f7af  00         BRK
f7b0  00         BRK
f7b1  00         BRK
f7b2  00         BRK
f7b3  00         BRK
f7b4  00         BRK
f7b5  00         BRK
f7b6  00         BRK
f7b7  00         BRK
f7b8  00         BRK
f7b9  00         BRK
f7ba  00         BRK
f7bb  00         BRK
f7bc  00         BRK
f7bd  00         BRK
f7be  00         BRK
f7bf  00         BRK
f7c0  00         BRK
f7c1  00         BRK
f7c2  00         BRK
f7c3  00         BRK
f7c4  00         BRK
f7c5  00         BRK
f7c6  00         BRK
f7c7  00         BRK
f7c8  00         BRK
f7c9  00         BRK
f7ca  00         BRK
f7cb  00         BRK
f7cc  00         BRK
f7cd  00         BRK
f7ce  00         BRK
f7cf  00         BRK
f7d0  00         BRK
f7d1  00         BRK
f7d2  00         BRK
f7d3  00         BRK
f7d4  00         BRK
f7d5  00         BRK
f7d6  00         BRK
f7d7  00         BRK
f7d8  00         BRK
f7d9  00         BRK
f7da  00         BRK
f7db  00         BRK
f7dc  00         BRK
f7dd  00         BRK
f7de  00         BRK
f7df  00         BRK
f7e0  00         BRK
f7e1  00         BRK
f7e2  00         BRK
f7e3  00         BRK
f7e4  00         BRK
f7e5  00         BRK
f7e6  00         BRK
f7e7  00         BRK
f7e8  00         BRK
f7e9  00         BRK
f7ea  00         BRK
f7eb  00         BRK
f7ec  00         BRK
f7ed  00         BRK
f7ee  00         BRK
f7ef  00         BRK
f7f0  00         BRK
f7f1  00         BRK
f7f2  00         BRK
f7f3  00         BRK
f7f4  00         BRK
f7f5  00         BRK
f7f6  00         BRK
f7f7  00         BRK
f7f8  00         BRK
f7f9  00         BRK
f7fa  00         BRK
f7fb  00         BRK
f7fc  00         BRK
f7fd  00         BRK
f7fe  00         BRK
f7ff  00         BRK
f800  00         BRK
f801  00         BRK
f802  00         BRK
f803  00         BRK
f804  00         BRK
f805  00         BRK
f806  00         BRK
f807  00         BRK
f808  00         BRK
f809  00         BRK
f80a  00         BRK
f80b  00         BRK
f80c  00         BRK
f80d  00         BRK
f80e  00         BRK
f80f  00         BRK
f810  00         BRK
f811  00         BRK
f812  00         BRK
f813  00         BRK
f814  00         BRK
f815  00         BRK
f816  00         BRK
f817  00         BRK
f818  00         BRK
f819  00         BRK
f81a  00         BRK
f81b  00         BRK
f81c  00         BRK
f81d  00         BRK
f81e  00         BRK
f81f  00         BRK
f820  00         BRK
f821  00         BRK
f822  00         BRK
f823  00         BRK
f824  00         BRK
f825  00         BRK
f826  00         BRK
f827  00         BRK
f828  00         BRK
f829  00         BRK
f82a  00         BRK
f82b  00         BRK
f82c  00         BRK
f82d  00         BRK
f82e  00         BRK
f82f  00         BRK
f830  00         BRK
f831  00         BRK
f832  00         BRK
f833  00         BRK
f834  00         BRK
f835  00         BRK
f836  00         BRK
f837  00         BRK
f838  00         BRK
f839  00         BRK
f83a  00         BRK
f83b  00         BRK
f83c  00         BRK
f83d  00         BRK
f83e  00         BRK
f83f  00         BRK
f840  00         BRK
f841  00         BRK
f842  00         BRK
f843  00         BRK
f844  00         BRK
f845  00         BRK
f846  00         BRK
f847  00         BRK
f848  00         BRK
f849  00         BRK
f84a  00         BRK
f84b  00         BRK
f84c  00         BRK
f84d  00         BRK
f84e  00         BRK
f84f  00         BRK
f850  00         BRK
f851  00         BRK
f852  00         BRK
f853  00         BRK
f854  00         BRK
f855  00         BRK
f856  00         BRK
f857  00         BRK
f858  00         BRK
f859  00         BRK
f85a  00         BRK
f85b  00         BRK
f85c  00         BRK
f85d  00         BRK
f85e  00         BRK
f85f  00         BRK
f860  00         BRK
f861  00         BRK
f862  00         BRK
f863  00         BRK
f864  00         BRK
f865  00         BRK
f866  00         BRK
f867  00         BRK
f868  00         BRK
f869  00         BRK
f86a  00         BRK
f86b  00         BRK
f86c  00         BRK
f86d  00         BRK
f86e  00         BRK
f86f  00         BRK
f870  00         BRK
f871  00         BRK
f872  00         BRK
f873  00         BRK
f874  00         BRK
f875  00         BRK
f876  00         BRK
f877  00         BRK
f878  00         BRK
f879  00         BRK
f87a  00         BRK
f87b  00         BRK
f87c  00         BRK
f87d  00         BRK
f87e  00         BRK
f87f  00         BRK
f880  00         BRK
f881  00         BRK
f882  00         BRK
f883  00         BRK
f884  00         BRK
f885  00         BRK
f886  00         BRK
f887  00         BRK
f888  00         BRK
f889  00         BRK
f88a  00         BRK
f88b  00         BRK
f88c  00         BRK
f88d  00         BRK
f88e  00         BRK
f88f  00         BRK
f890  00         BRK
f891  00         BRK
f892  00         BRK
f893  00         BRK
f894  00         BRK
f895  00         BRK
f896  00         BRK
f897  00         BRK
f898  00         BRK
f899  00         BRK
f89a  00         BRK
f89b  00         BRK
f89c  00         BRK
f89d  00         BRK
f89e  00         BRK
f89f  00         BRK
f8a0  00         BRK
f8a1  00         BRK
f8a2  00         BRK
f8a3  00         BRK
f8a4  00         BRK
f8a5  00         BRK
f8a6  00         BRK
f8a7  00         BRK
f8a8  00         BRK
f8a9  00         BRK
f8aa  00         BRK
f8ab  00         BRK
f8ac  00         BRK
f8ad  00         BRK
f8ae  00         BRK
f8af  00         BRK
f8b0  00         BRK
f8b1  00         BRK
f8b2  00         BRK
f8b3  00         BRK
f8b4  00         BRK
f8b5  00         BRK
f8b6  00         BRK
f8b7  00         BRK
f8b8  00         BRK
f8b9  00         BRK
f8ba  00         BRK
f8bb  00         BRK
f8bc  00         BRK
f8bd  00         BRK
f8be  00         BRK
f8bf  00         BRK
f8c0  00         BRK
f8c1  00         BRK
f8c2  00         BRK
f8c3  00         BRK
f8c4  00         BRK
f8c5  00         BRK
f8c6  00         BRK
f8c7  00         BRK
f8c8  00         BRK
f8c9  00         BRK
f8ca  00         BRK
f8cb  00         BRK
f8cc  00         BRK
f8cd  00         BRK
f8ce  00         BRK
f8cf  00         BRK
f8d0  00         BRK
f8d1  00         BRK
f8d2  00         BRK
f8d3  00         BRK
f8d4  00         BRK
f8d5  00         BRK
f8d6  00         BRK
f8d7  00         BRK
f8d8  00         BRK
f8d9  00         BRK
f8da  00         BRK
f8db  00         BRK
f8dc  00         BRK
f8dd  00         BRK
f8de  00         BRK
f8df  00         BRK
f8e0  00         BRK
f8e1  00         BRK
f8e2  00         BRK
f8e3  00         BRK
f8e4  00         BRK
f8e5  00         BRK
f8e6  00         BRK
f8e7  00         BRK
f8e8  00         BRK
f8e9  00         BRK
f8ea  00         BRK
f8eb  00         BRK
f8ec  00         BRK
f8ed  00         BRK
f8ee  00         BRK
f8ef  00         BRK
f8f0  00         BRK
f8f1  00         BRK
f8f2  00         BRK
f8f3  00         BRK
f8f4  00         BRK
f8f5  00         BRK
f8f6  00         BRK
f8f7  00         BRK
f8f8  00         BRK
f8f9  00         BRK
f8fa  00         BRK
f8fb  00         BRK
f8fc  00         BRK
f8fd  00         BRK
f8fe  00         BRK
f8ff  00         BRK
f900  00         BRK
f901  00         BRK
f902  00         BRK
f903  00         BRK
f904  00         BRK
f905  00         BRK
f906  00         BRK
f907  00         BRK
f908  00         BRK
f909  00         BRK
f90a  00         BRK
f90b  00         BRK
f90c  00         BRK
f90d  00         BRK
f90e  00         BRK
f90f  00         BRK
f910  00         BRK
f911  00         BRK
f912  00         BRK
f913  00         BRK
f914  00         BRK
f915  00         BRK
f916  00         BRK
f917  00         BRK
f918  00         BRK
f919  00         BRK
f91a  00         BRK
f91b  00         BRK
f91c  00         BRK
f91d  00         BRK
f91e  00         BRK
f91f  00         BRK
f920  00         BRK
f921  00         BRK
f922  00         BRK
f923  00         BRK
f924  00         BRK
f925  00         BRK
f926  00         BRK
f927  00         BRK
f928  00         BRK
f929  00         BRK
f92a  00         BRK
f92b  00         BRK
f92c  00         BRK
f92d  00         BRK
f92e  00         BRK
f92f  00         BRK
f930  00         BRK
f931  00         BRK
f932  00         BRK
f933  00         BRK
f934  00         BRK
f935  00         BRK
f936  00         BRK
f937  00         BRK
f938  00         BRK
f939  00         BRK
f93a  00         BRK
f93b  00         BRK
f93c  00         BRK
f93d  00         BRK
f93e  00         BRK
f93f  00         BRK
f940  00         BRK
f941  00         BRK
f942  00         BRK
f943  00         BRK
f944  00         BRK
f945  00         BRK
f946  00         BRK
f947  00         BRK
f948  00         BRK
f949  00         BRK
f94a  00         BRK
f94b  00         BRK
f94c  00         BRK
f94d  00         BRK
f94e  00         BRK
f94f  00         BRK
f950  00         BRK
f951  00         BRK
f952  00         BRK
f953  00         BRK
f954  00         BRK
f955  00         BRK
f956  00         BRK
f957  00         BRK
f958  00         BRK
f959  00         BRK
f95a  00         BRK
f95b  00         BRK
f95c  00         BRK
f95d  00         BRK
f95e  00         BRK
f95f  00         BRK
f960  00         BRK
f961  00         BRK
f962  00         BRK
f963  00         BRK
f964  00         BRK
f965  00         BRK
f966  00         BRK
f967  00         BRK
f968  00         BRK
f969  00         BRK
f96a  00         BRK
f96b  00         BRK
f96c  00         BRK
f96d  00         BRK
f96e  00         BRK
f96f  00         BRK
f970  00         BRK
f971  00         BRK
f972  00         BRK
f973  00         BRK
f974  00         BRK
f975  00         BRK
f976  00         BRK
f977  00         BRK
f978  00         BRK
f979  00         BRK
f97a  00         BRK
f97b  00         BRK
f97c  00         BRK
f97d  00         BRK
f97e  00         BRK
f97f  00         BRK
f980  00         BRK
f981  00         BRK
f982  00         BRK
f983  00         BRK
f984  00         BRK
f985  00         BRK
f986  00         BRK
f987  00         BRK
f988  00         BRK
f989  00         BRK
f98a  00         BRK
f98b  00         BRK
f98c  00         BRK
f98d  00         BRK
f98e  00         BRK
f98f  00         BRK
f990  00         BRK
f991  00         BRK
f992  00         BRK
f993  00         BRK
f994  00         BRK
f995  00         BRK
f996  00         BRK
f997  00         BRK
f998  00         BRK
f999  00         BRK
f99a  00         BRK
f99b  00         BRK
f99c  00         BRK
f99d  00         BRK
f99e  00         BRK
f99f  00         BRK
f9a0  00         BRK
f9a1  00         BRK
f9a2  00         BRK
f9a3  00         BRK
f9a4  00         BRK
f9a5  00         BRK
f9a6  00         BRK
f9a7  00         BRK
f9a8  00         BRK
f9a9  00         BRK
f9aa  00         BRK
f9ab  00         BRK
f9ac  00         BRK
f9ad  00         BRK
f9ae  00         BRK
f9af  00         BRK
f9b0  00         BRK
f9b1  00         BRK
f9b2  00         BRK
f9b3  00         BRK
f9b4  00         BRK
f9b5  00         BRK
f9b6  00         BRK
f9b7  00         BRK
f9b8  00         BRK
f9b9  00         BRK
f9ba  00         BRK
f9bb  00         BRK
f9bc  00         BRK
f9bd  00         BRK
f9be  00         BRK
f9bf  00         BRK
f9c0  00         BRK
f9c1  00         BRK
f9c2  00         BRK
f9c3  00         BRK
f9c4  00         BRK
f9c5  00         BRK
f9c6  00         BRK
f9c7  00         BRK
f9c8  00         BRK
f9c9  00         BRK
f9ca  00         BRK
f9cb  00         BRK
f9cc  00         BRK
f9cd  00         BRK
f9ce  00         BRK
f9cf  00         BRK
f9d0  00         BRK
f9d1  00         BRK
f9d2  00         BRK
f9d3  00         BRK
f9d4  00         BRK
f9d5  00         BRK
f9d6  00         BRK
f9d7  00         BRK
f9d8  00         BRK
f9d9  00         BRK
f9da  00         BRK
f9db  00         BRK
f9dc  00         BRK
f9dd  00         BRK
f9de  00         BRK
f9df  00         BRK
f9e0  00         BRK
f9e1  00         BRK
f9e2  00         BRK
f9e3  00         BRK
f9e4  00         BRK
f9e5  00         BRK
f9e6  00         BRK
f9e7  00         BRK
f9e8  00         BRK
f9e9  00         BRK
f9ea  00         BRK
f9eb  00         BRK
f9ec  00         BRK
f9ed  00         BRK
f9ee  00         BRK
f9ef  00         BRK
f9f0  00         BRK
f9f1  00         BRK
f9f2  00         BRK
f9f3  00         BRK
f9f4  00         BRK
f9f5  00         BRK
f9f6  00         BRK
f9f7  00         BRK
f9f8  00         BRK
f9f9  00         BRK
f9fa  00         BRK
f9fb  00         BRK
f9fc  00         BRK
f9fd  00         BRK
f9fe  00         BRK
f9ff  00         BRK
fa00  00         BRK
fa01  00         BRK
fa02  00         BRK
fa03  00         BRK
fa04  00         BRK
fa05  00         BRK
fa06  00         BRK
fa07  00         BRK
fa08  00         BRK
fa09  00         BRK
fa0a  00         BRK
fa0b  00         BRK
fa0c  00         BRK
fa0d  00         BRK
fa0e  00         BRK
fa0f  00         BRK
fa10  00         BRK
fa11  00         BRK
fa12  00         BRK
fa13  00         BRK
fa14  00         BRK
fa15  00         BRK
fa16  00         BRK
fa17  00         BRK
fa18  00         BRK
fa19  00         BRK
fa1a  00         BRK
fa1b  00         BRK
fa1c  00         BRK
fa1d  00         BRK
fa1e  00         BRK
fa1f  00         BRK
fa20  00         BRK
fa21  00         BRK
fa22  00         BRK
fa23  00         BRK
fa24  00         BRK
fa25  00         BRK
fa26  00         BRK
fa27  00         BRK
fa28  00         BRK
fa29  00         BRK
fa2a  00         BRK
fa2b  00         BRK
fa2c  00         BRK
fa2d  00         BRK
fa2e  00         BRK
fa2f  00         BRK
fa30  00         BRK
fa31  00         BRK
fa32  00         BRK
fa33  00         BRK
fa34  00         BRK
fa35  00         BRK
fa36  00         BRK
fa37  00         BRK
fa38  00         BRK
fa39  00         BRK
fa3a  00         BRK
fa3b  00         BRK
fa3c  00         BRK
fa3d  00         BRK
fa3e  00         BRK
fa3f  00         BRK
fa40  00         BRK
fa41  00         BRK
fa42  00         BRK
fa43  00         BRK
fa44  00         BRK
fa45  00         BRK
fa46  00         BRK
fa47  00         BRK
fa48  00         BRK
fa49  00         BRK
fa4a  00         BRK
fa4b  00         BRK
fa4c  00         BRK
fa4d  00         BRK
fa4e  00         BRK
fa4f  00         BRK
fa50  00         BRK
fa51  00         BRK
fa52  00         BRK
fa53  00         BRK
fa54  00         BRK
fa55  00         BRK
fa56  00         BRK
fa57  00         BRK
fa58  00         BRK
fa59  00         BRK
fa5a  00         BRK
fa5b  00         BRK
fa5c  00         BRK
fa5d  00         BRK
fa5e  00         BRK
fa5f  00         BRK
fa60  00         BRK
fa61  00         BRK
fa62  00         BRK
fa63  00         BRK
fa64  00         BRK
fa65  00         BRK
fa66  00         BRK
fa67  00         BRK
fa68  00         BRK
fa69  00         BRK
fa6a  00         BRK
fa6b  00         BRK
fa6c  00         BRK
fa6d  00         BRK
fa6e  00         BRK
fa6f  00         BRK
fa70  00         BRK
fa71  00         BRK
fa72  00         BRK
fa73  00         BRK
fa74  00         BRK
fa75  00         BRK
fa76  00         BRK
fa77  00         BRK
fa78  00         BRK
fa79  00         BRK
fa7a  00         BRK
fa7b  00         BRK
fa7c  00         BRK
fa7d  00         BRK
fa7e  00         BRK
fa7f  00         BRK
fa80  00         BRK
fa81  00         BRK
fa82  00         BRK
fa83  00         BRK
fa84  00         BRK
fa85  00         BRK
fa86  00         BRK
fa87  00         BRK
fa88  00         BRK
fa89  00         BRK
fa8a  00         BRK
fa8b  00         BRK
fa8c  00         BRK
fa8d  00         BRK
fa8e  00         BRK
fa8f  00         BRK
fa90  00         BRK
fa91  00         BRK
fa92  00         BRK
fa93  00         BRK
fa94  00         BRK
fa95  00         BRK
fa96  00         BRK
fa97  00         BRK
fa98  00         BRK
fa99  00         BRK
fa9a  00         BRK
fa9b  00         BRK
fa9c  00         BRK
fa9d  00         BRK
fa9e  00         BRK
fa9f  00         BRK
faa0  00         BRK
faa1  00         BRK
faa2  00         BRK
faa3  00         BRK
faa4  00         BRK
faa5  00         BRK
faa6  00         BRK
faa7  00         BRK
faa8  00         BRK
faa9  00         BRK
faaa  00         BRK
faab  00         BRK
faac  00         BRK
faad  00         BRK
faae  00         BRK
faaf  00         BRK
fab0  00         BRK
fab1  00         BRK
fab2  00         BRK
fab3  00         BRK
fab4  00         BRK
fab5  00         BRK
fab6  00         BRK
fab7  00         BRK
fab8  00         BRK
fab9  00         BRK
faba  00         BRK
fabb  00         BRK
fabc  00         BRK
fabd  00         BRK
fabe  00         BRK
fabf  00         BRK
fac0  00         BRK
fac1  00         BRK
fac2  00         BRK
fac3  00         BRK
fac4  00         BRK
fac5  00         BRK
fac6  00         BRK
fac7  00         BRK
fac8  00         BRK
fac9  00         BRK
faca  00         BRK
facb  00         BRK
facc  00         BRK
facd  00         BRK
face  00         BRK
facf  00         BRK
fad0  00         BRK
fad1  00         BRK
fad2  00         BRK
fad3  00         BRK
fad4  00         BRK
fad5  00         BRK
fad6  00         BRK
fad7  00         BRK
fad8  00         BRK
fad9  00         BRK
fada  00         BRK
fadb  00         BRK
fadc  00         BRK
fadd  00         BRK
fade  00         BRK
fadf  00         BRK
fae0  00         BRK
fae1  00         BRK
fae2  00         BRK
fae3  00         BRK
fae4  00         BRK
fae5  00         BRK
fae6  00         BRK
fae7  00         BRK
fae8  00         BRK
fae9  00         BRK
faea  00         BRK
faeb  00         BRK
faec  00         BRK
faed  00         BRK
faee  00         BRK
faef  00         BRK
faf0  00         BRK
faf1  00         BRK
faf2  00         BRK
faf3  00         BRK
faf4  00         BRK
faf5  00         BRK
faf6  00         BRK
faf7  00         BRK
faf8  00         BRK
faf9  00         BRK
fafa  00         BRK
fafb  00         BRK
fafc  00         BRK
fafd  00         BRK
fafe  00         BRK
faff  00         BRK
fb00  00         BRK
fb01  00         BRK
fb02  00         BRK
fb03  00         BRK
fb04  00         BRK
fb05  00         BRK
fb06  00         BRK
fb07  00         BRK
fb08  00         BRK
fb09  00         BRK
fb0a  00         BRK
fb0b  00         BRK
fb0c  00         BRK
fb0d  00         BRK
fb0e  00         BRK
fb0f  00         BRK
fb10  00         BRK
fb11  00         BRK
fb12  00         BRK
fb13  00         BRK
fb14  00         BRK
fb15  00         BRK
fb16  00         BRK
fb17  00         BRK
fb18  00         BRK
fb19  00         BRK
fb1a  00         BRK
fb1b  00         BRK
fb1c  00         BRK
fb1d  00         BRK
fb1e  00         BRK
fb1f  00         BRK
fb20  00         BRK
fb21  00         BRK
fb22  00         BRK
fb23  00         BRK
fb24  00         BRK
fb25  00         BRK
fb26  00         BRK
fb27  00         BRK
fb28  00         BRK
fb29  00         BRK
fb2a  00         BRK
fb2b  00         BRK
fb2c  00         BRK
fb2d  00         BRK
fb2e  00         BRK
fb2f  00         BRK
fb30  00         BRK
fb31  00         BRK
fb32  00         BRK
fb33  00         BRK
fb34  00         BRK
fb35  00         BRK
fb36  00         BRK
fb37  00         BRK
fb38  00         BRK
fb39  00         BRK
fb3a  00         BRK
fb3b  00         BRK
fb3c  00         BRK
fb3d  00         BRK
fb3e  00         BRK
fb3f  00         BRK
fb40  00         BRK
fb41  00         BRK
fb42  00         BRK
fb43  00         BRK
fb44  00         BRK
fb45  00         BRK
fb46  00         BRK
fb47  00         BRK
fb48  00         BRK
fb49  00         BRK
fb4a  00         BRK
fb4b  00         BRK
fb4c  00         BRK
fb4d  00         BRK
fb4e  00         BRK
fb4f  00         BRK
fb50  00         BRK
fb51  00         BRK
fb52  00         BRK
fb53  00         BRK
fb54  00         BRK
fb55  00         BRK
fb56  00         BRK
fb57  00         BRK
fb58  00         BRK
fb59  00         BRK
fb5a  00         BRK
fb5b  00         BRK
fb5c  00         BRK
fb5d  00         BRK
fb5e  00         BRK
fb5f  00         BRK
fb60  00         BRK
fb61  00         BRK
fb62  00         BRK
fb63  00         BRK
fb64  00         BRK
fb65  00         BRK
fb66  00         BRK
fb67  00         BRK
fb68  00         BRK
fb69  00         BRK
fb6a  00         BRK
fb6b  00         BRK
fb6c  00         BRK
fb6d  00         BRK
fb6e  00         BRK
fb6f  00         BRK
fb70  00         BRK
fb71  00         BRK
fb72  00         BRK
fb73  00         BRK
fb74  00         BRK
fb75  00         BRK
fb76  00         BRK
fb77  00         BRK
fb78  00         BRK
fb79  00         BRK
fb7a  00         BRK
fb7b  00         BRK
fb7c  00         BRK
fb7d  00         BRK
fb7e  00         BRK
fb7f  00         BRK
fb80  00         BRK
fb81  00         BRK
fb82  00         BRK
fb83  00         BRK
fb84  00         BRK
fb85  00         BRK
fb86  00         BRK
fb87  00         BRK
fb88  00         BRK
fb89  00         BRK
fb8a  00         BRK
fb8b  00         BRK
fb8c  00         BRK
fb8d  00         BRK
fb8e  00         BRK
fb8f  00         BRK
fb90  00         BRK
fb91  00         BRK
fb92  00         BRK
fb93  00         BRK
fb94  00         BRK
fb95  00         BRK
fb96  00         BRK
fb97  00         BRK
fb98  00         BRK
fb99  00         BRK
fb9a  00         BRK
fb9b  00         BRK
fb9c  00         BRK
fb9d  00         BRK
fb9e  00         BRK
fb9f  00         BRK
fba0  00         BRK
fba1  00         BRK
fba2  00         BRK
fba3  00         BRK
fba4  00         BRK
fba5  00         BRK
fba6  00         BRK
fba7  00         BRK
fba8  00         BRK
fba9  00         BRK
fbaa  00         BRK
fbab  00         BRK
fbac  00         BRK
fbad  00         BRK
fbae  00         BRK
fbaf  00         BRK
fbb0  00         BRK
fbb1  00         BRK
fbb2  00         BRK
fbb3  00         BRK
fbb4  00         BRK
fbb5  00         BRK
fbb6  00         BRK
fbb7  00         BRK
fbb8  00         BRK
fbb9  00         BRK
fbba  00         BRK
fbbb  00         BRK
fbbc  00         BRK
fbbd  00         BRK
fbbe  00         BRK
fbbf  00         BRK
fbc0  00         BRK
fbc1  00         BRK
fbc2  00         BRK
fbc3  00         BRK
fbc4  00         BRK
fbc5  00         BRK
fbc6  00         BRK
fbc7  00         BRK
fbc8  00         BRK
fbc9  00         BRK
fbca  00         BRK
fbcb  00         BRK
fbcc  00         BRK
fbcd  00         BRK
fbce  00         BRK
fbcf  00         BRK
fbd0  00         BRK
fbd1  00         BRK
fbd2  00         BRK
fbd3  00         BRK
fbd4  00         BRK
fbd5  00         BRK
fbd6  00         BRK
fbd7  00         BRK
fbd8  00         BRK
fbd9  00         BRK
fbda  00         BRK
fbdb  00         BRK
fbdc  00         BRK
fbdd  00         BRK
fbde  00         BRK
fbdf  00         BRK
fbe0  00         BRK
fbe1  00         BRK
fbe2  00         BRK
fbe3  00         BRK
fbe4  00         BRK
fbe5  00         BRK
fbe6  00         BRK
fbe7  00         BRK
fbe8  00         BRK
fbe9  00         BRK
fbea  00         BRK
fbeb  00         BRK
fbec  00         BRK
fbed  00         BRK
fbee  00         BRK
fbef  00         BRK
fbf0  00         BRK
fbf1  00         BRK
fbf2  00         BRK
fbf3  00         BRK
fbf4  00         BRK
fbf5  00         BRK
fbf6  00         BRK
fbf7  00         BRK
fbf8  00         BRK
fbf9  00         BRK
fbfa  00         BRK
fbfb  00         BRK
fbfc  00         BRK
fbfd  00         BRK
fbfe  00         BRK
fbff  00         BRK
fc00  00         BRK
fc01  00         BRK
fc02  00         BRK
fc03  00         BRK
fc04  00         BRK
fc05  00         BRK
fc06  00         BRK
fc07  00         BRK
fc08  00         BRK
fc09  00         BRK
fc0a  00         BRK
fc0b  00         BRK
fc0c  00         BRK
fc0d  00         BRK
fc0e  00         BRK
fc0f  00         BRK
fc10  00         BRK
fc11  00         BRK
fc12  00         BRK
fc13  00         BRK
fc14  00         BRK
fc15  00         BRK
fc16  00         BRK
fc17  00         BRK
fc18  00         BRK
fc19  00         BRK
fc1a  00         BRK
fc1b  00         BRK
fc1c  00         BRK
fc1d  00         BRK
fc1e  00         BRK
fc1f  00         BRK
fc20  00         BRK
fc21  00         BRK
fc22  00         BRK
fc23  00         BRK
fc24  00         BRK
fc25  00         BRK
fc26  00         BRK
fc27  00         BRK
fc28  00         BRK
fc29  00         BRK
fc2a  00         BRK
fc2b  00         BRK
fc2c  00         BRK
fc2d  00         BRK
fc2e  00         BRK
fc2f  00         BRK
fc30  00         BRK
fc31  00         BRK
fc32  00         BRK
fc33  00         BRK
fc34  00         BRK
fc35  00         BRK
fc36  00         BRK
fc37  00         BRK
fc38  00         BRK
fc39  00         BRK
fc3a  00         BRK
fc3b  00         BRK
fc3c  00         BRK
fc3d  00         BRK
fc3e  00         BRK
fc3f  00         BRK
fc40  00         BRK
fc41  00         BRK
fc42  00         BRK
fc43  00         BRK
fc44  00         BRK
fc45  00         BRK
fc46  00         BRK
fc47  00         BRK
fc48  00         BRK
fc49  00         BRK
fc4a  00         BRK
fc4b  00         BRK
fc4c  00         BRK
fc4d  00         BRK
fc4e  00         BRK
fc4f  00         BRK
fc50  00         BRK
fc51  00         BRK
fc52  00         BRK
fc53  00         BRK
fc54  00         BRK
fc55  00         BRK
fc56  00         BRK
fc57  00         BRK
fc58  00         BRK
fc59  00         BRK
fc5a  00         BRK
fc5b  00         BRK
fc5c  00         BRK
fc5d  00         BRK
fc5e  00         BRK
fc5f  00         BRK
fc60  00         BRK
fc61  00         BRK
fc62  00         BRK
fc63  00         BRK
fc64  00         BRK
fc65  00         BRK
fc66  00         BRK
fc67  00         BRK
fc68  00         BRK
fc69  00         BRK
fc6a  00         BRK
fc6b  00         BRK
fc6c  00         BRK
fc6d  00         BRK
fc6e  00         BRK
fc6f  00         BRK
fc70  00         BRK
fc71  00         BRK
fc72  00         BRK
fc73  00         BRK
fc74  00         BRK
fc75  00         BRK
fc76  00         BRK
fc77  00         BRK
fc78  00         BRK
fc79  00         BRK
fc7a  00         BRK
fc7b  00         BRK
fc7c  00         BRK
fc7d  00         BRK
fc7e  00         BRK
fc7f  00         BRK
fc80  00         BRK
fc81  00         BRK
fc82  00         BRK
fc83  00         BRK
fc84  00         BRK
fc85  00         BRK
fc86  00         BRK
fc87  00         BRK
fc88  00         BRK
fc89  00         BRK
fc8a  00         BRK
fc8b  00         BRK
fc8c  00         BRK
fc8d  00         BRK
fc8e  00         BRK
fc8f  00         BRK
fc90  00         BRK
fc91  00         BRK
fc92  00         BRK
fc93  00         BRK
fc94  00         BRK
fc95  00         BRK
fc96  00         BRK
fc97  00         BRK
fc98  00         BRK
fc99  00         BRK
fc9a  00         BRK
fc9b  00         BRK
fc9c  00         BRK
fc9d  00         BRK
fc9e  00         BRK
fc9f  00         BRK
fca0  00         BRK
fca1  00         BRK
fca2  00         BRK
fca3  00         BRK
fca4  00         BRK
fca5  00         BRK
fca6  00         BRK
fca7  00         BRK
fca8  00         BRK
fca9  00         BRK
fcaa  00         BRK
fcab  00         BRK
fcac  00         BRK
fcad  00         BRK
fcae  00         BRK
fcaf  00         BRK
fcb0  00         BRK
fcb1  00         BRK
fcb2  00         BRK
fcb3  00         BRK
fcb4  00         BRK
fcb5  00         BRK
fcb6  00         BRK
fcb7  00         BRK
fcb8  00         BRK
fcb9  00         BRK
fcba  00         BRK
fcbb  00         BRK
fcbc  00         BRK
fcbd  00         BRK
fcbe  00         BRK
fcbf  00         BRK
fcc0  00         BRK
fcc1  00         BRK
fcc2  00         BRK
fcc3  00         BRK
fcc4  00         BRK
fcc5  00         BRK
fcc6  00         BRK
fcc7  00         BRK
fcc8  00         BRK
fcc9  00         BRK
fcca  00         BRK
fccb  00         BRK
fccc  00         BRK
fccd  00         BRK
fcce  00         BRK
fccf  00         BRK
fcd0  00         BRK
fcd1  00         BRK
fcd2  00         BRK
fcd3  00         BRK
fcd4  00         BRK
fcd5  00         BRK
fcd6  00         BRK
fcd7  00         BRK
fcd8  00         BRK
fcd9  00         BRK
fcda  00         BRK
fcdb  00         BRK
fcdc  00         BRK
fcdd  00         BRK
fcde  00         BRK
fcdf  00         BRK
fce0  00         BRK
fce1  00         BRK
fce2  00         BRK
fce3  00         BRK
fce4  00         BRK
fce5  00         BRK
fce6  00         BRK
fce7  00         BRK
fce8  00         BRK
fce9  00         BRK
fcea  00         BRK
fceb  00         BRK
fcec  00         BRK
fced  00         BRK
fcee  00         BRK
fcef  00         BRK
fcf0  00         BRK
fcf1  00         BRK
fcf2  00         BRK
fcf3  00         BRK
fcf4  00         BRK
fcf5  00         BRK
fcf6  00         BRK
fcf7  00         BRK
fcf8  00         BRK
fcf9  00         BRK
fcfa  00         BRK
fcfb  00         BRK
fcfc  00         BRK
fcfd  00         BRK
fcfe  00         BRK
fcff  00         BRK
fd00  00         BRK
fd01  00         BRK
fd02  00         BRK
fd03  00         BRK
fd04  00         BRK
fd05  00         BRK
fd06  00         BRK
fd07  00         BRK
fd08  00         BRK
fd09  00         BRK
fd0a  00         BRK
fd0b  00         BRK
fd0c  00         BRK
fd0d  00         BRK
fd0e  00         BRK
fd0f  00         BRK
fd10  00         BRK
fd11  00         BRK
fd12  00         BRK
fd13  00         BRK
fd14  00         BRK
fd15  00         BRK
fd16  00         BRK
fd17  00         BRK
fd18  00         BRK
fd19  00         BRK
fd1a  00         BRK
fd1b  00         BRK
fd1c  00         BRK
fd1d  00         BRK
fd1e  00         BRK
fd1f  00         BRK
fd20  00         BRK
fd21  00         BRK
fd22  00         BRK
fd23  00         BRK
fd24  00         BRK
fd25  00         BRK
fd26  00         BRK
fd27  00         BRK
fd28  00         BRK
fd29  00         BRK
fd2a  00         BRK
fd2b  00         BRK
fd2c  00         BRK
fd2d  00         BRK
fd2e  00         BRK
fd2f  00         BRK
fd30  00         BRK
fd31  00         BRK
fd32  00         BRK
fd33  00         BRK
fd34  00         BRK
fd35  00         BRK
fd36  00         BRK
fd37  00         BRK
fd38  00         BRK
fd39  00         BRK
fd3a  00         BRK
fd3b  00         BRK
fd3c  00         BRK
fd3d  00         BRK
fd3e  00         BRK
fd3f  00         BRK
fd40  00         BRK
fd41  00         BRK
fd42  00         BRK
fd43  00         BRK
fd44  00         BRK
fd45  00         BRK
fd46  00         BRK
fd47  00         BRK
fd48  00         BRK
fd49  00         BRK
fd4a  00         BRK
fd4b  00         BRK
fd4c  00         BRK
fd4d  00         BRK
fd4e  00         BRK
fd4f  00         BRK
fd50  00         BRK
fd51  00         BRK
fd52  00         BRK
fd53  00         BRK
fd54  00         BRK
fd55  00         BRK
fd56  00         BRK
fd57  00         BRK
fd58  00         BRK
fd59  00         BRK
fd5a  00         BRK
fd5b  00         BRK
fd5c  00         BRK
fd5d  00         BRK
fd5e  00         BRK
fd5f  00         BRK
fd60  00         BRK
fd61  00         BRK
fd62  00         BRK
fd63  00         BRK
fd64  00         BRK
fd65  00         BRK
fd66  00         BRK
fd67  00         BRK
fd68  00         BRK
fd69  00         BRK
fd6a  00         BRK
fd6b  00         BRK
fd6c  00         BRK
fd6d  00         BRK
fd6e  00         BRK
fd6f  00         BRK
fd70  00         BRK
fd71  00         BRK
fd72  00         BRK
fd73  00         BRK
fd74  00         BRK
fd75  00         BRK
fd76  00         BRK
fd77  00         BRK
fd78  00         BRK
fd79  00         BRK
fd7a  00         BRK
fd7b  00         BRK
fd7c  00         BRK
fd7d  00         BRK
fd7e  00         BRK
fd7f  00         BRK
fd80  00         BRK
fd81  00         BRK
fd82  00         BRK
fd83  00         BRK
fd84  00         BRK
fd85  00         BRK
fd86  00         BRK
fd87  00         BRK
fd88  00         BRK
fd89  00         BRK
fd8a  00         BRK
fd8b  00         BRK
fd8c  00         BRK
fd8d  00         BRK
fd8e  00         BRK
fd8f  00         BRK
fd90  00         BRK
fd91  00         BRK
fd92  00         BRK
fd93  00         BRK
fd94  00         BRK
fd95  00         BRK
fd96  00         BRK
fd97  00         BRK
fd98  00         BRK
fd99  00         BRK
fd9a  00         BRK
fd9b  00         BRK
fd9c  00         BRK
fd9d  00         BRK
fd9e  00         BRK
fd9f  00         BRK
fda0  00         BRK
fda1  00         BRK
fda2  00         BRK
fda3  00         BRK
fda4  00         BRK
fda5  00         BRK
fda6  00         BRK
fda7  00         BRK
fda8  00         BRK
fda9  00         BRK
fdaa  00         BRK
fdab  00         BRK
fdac  00         BRK
fdad  00         BRK
fdae  00         BRK
fdaf  00         BRK
fdb0  00         BRK
fdb1  00         BRK
fdb2  00         BRK
fdb3  00         BRK
fdb4  00         BRK
fdb5  00         BRK
fdb6  00         BRK
fdb7  00         BRK
fdb8  00         BRK
fdb9  00         BRK
fdba  00         BRK
fdbb  00         BRK
fdbc  00         BRK
fdbd  00         BRK
fdbe  00         BRK
fdbf  00         BRK
fdc0  00         BRK
fdc1  00         BRK
fdc2  00         BRK
fdc3  00         BRK
fdc4  00         BRK
fdc5  00         BRK
fdc6  00         BRK
fdc7  00         BRK
fdc8  00         BRK
fdc9  00         BRK
fdca  00         BRK
fdcb  00         BRK
fdcc  00         BRK
fdcd  00         BRK
fdce  00         BRK
fdcf  00         BRK
fdd0  00         BRK
fdd1  00         BRK
fdd2  00         BRK
fdd3  00         BRK
fdd4  00         BRK
fdd5  00         BRK
fdd6  00         BRK
fdd7  00         BRK
fdd8  00         BRK
fdd9  00         BRK
fdda  00         BRK
fddb  00         BRK
fddc  00         BRK
fddd  00         BRK
fdde  00         BRK
fddf  00         BRK
fde0  00         BRK
fde1  00         BRK
fde2  00         BRK
fde3  00         BRK
fde4  00         BRK
fde5  00         BRK
fde6  00         BRK
fde7  00         BRK
fde8  00         BRK
fde9  00         BRK
fdea  00         BRK
fdeb  00         BRK
fdec  00         BRK
fded  00         BRK
fdee  00         BRK
fdef  00         BRK
fdf0  00         BRK
fdf1  00         BRK
fdf2  00         BRK
fdf3  00         BRK
fdf4  00         BRK
fdf5  00         BRK
fdf6  00         BRK
fdf7  00         BRK
fdf8  00         BRK
fdf9  00         BRK
fdfa  00         BRK
fdfb  00         BRK
fdfc  00         BRK
fdfd  00         BRK
fdfe  00         BRK
fdff  00         BRK
fe00  00         BRK
fe01  00         BRK
fe02  00         BRK
fe03  00         BRK
fe04  00         BRK
fe05  00         BRK
fe06  00         BRK
fe07  00         BRK
fe08  00         BRK
fe09  00         BRK
fe0a  00         BRK
fe0b  00         BRK
fe0c  00         BRK
fe0d  00         BRK
fe0e  00         BRK
fe0f  00         BRK
fe10  00         BRK
fe11  00         BRK
fe12  00         BRK
fe13  00         BRK
fe14  00         BRK
fe15  00         BRK
fe16  00         BRK
fe17  00         BRK
fe18  00         BRK
fe19  00         BRK
fe1a  00         BRK
fe1b  00         BRK
fe1c  00         BRK
fe1d  00         BRK
fe1e  00         BRK
fe1f  00         BRK
fe20  00         BRK
fe21  00         BRK
fe22  00         BRK
fe23  00         BRK
fe24  00         BRK
fe25  00         BRK
fe26  00         BRK
fe27  00         BRK
fe28  00         BRK
fe29  00         BRK
fe2a  00         BRK
fe2b  00         BRK
fe2c  00         BRK
fe2d  00         BRK
fe2e  00         BRK
fe2f  00         BRK
fe30  00         BRK
fe31  00         BRK
fe32  00         BRK
fe33  00         BRK
fe34  00         BRK
fe35  00         BRK
fe36  00         BRK
fe37  00         BRK
fe38  00         BRK
fe39  00         BRK
fe3a  00         BRK
fe3b  00         BRK
fe3c  00         BRK
fe3d  00         BRK
fe3e  00         BRK
fe3f  00         BRK
fe40  00         BRK
fe41  00         BRK
fe42  00         BRK
fe43  00         BRK
fe44  00         BRK
fe45  00         BRK
fe46  00         BRK
fe47  00         BRK
fe48  00         BRK
fe49  00         BRK
fe4a  00         BRK
fe4b  00         BRK
fe4c  00         BRK
fe4d  00         BRK
fe4e  00         BRK
fe4f  00         BRK
fe50  00         BRK
fe51  00         BRK
fe52  00         BRK
fe53  00         BRK
fe54  00         BRK
fe55  00         BRK
fe56  00         BRK
fe57  00         BRK
fe58  00         BRK
fe59  00         BRK
fe5a  00         BRK
fe5b  00         BRK
fe5c  00         BRK
fe5d  00         BRK
fe5e  00         BRK
fe5f  00         BRK
fe60  00         BRK
fe61  00         BRK
fe62  00         BRK
fe63  00         BRK
fe64  00         BRK
fe65  00         BRK
fe66  00         BRK
fe67  00         BRK
fe68  00         BRK
fe69  00         BRK
fe6a  00         BRK
fe6b  00         BRK
fe6c  00         BRK
fe6d  00         BRK
fe6e  00         BRK
fe6f  00         BRK
fe70  00         BRK
fe71  00         BRK
fe72  00         BRK
fe73  00         BRK
fe74  00         BRK
fe75  00         BRK
fe76  00         BRK
fe77  00         BRK
fe78  00         BRK
fe79  00         BRK
fe7a  00         BRK
fe7b  00         BRK
fe7c  00         BRK
fe7d  00         BRK
fe7e  00         BRK
fe7f  00         BRK
fe80  00         BRK
fe81  00         BRK
fe82  00         BRK
fe83  00         BRK
fe84  00         BRK
fe85  00         BRK
fe86  00         BRK
fe87  00         BRK
fe88  00         BRK
fe89  00         BRK
fe8a  00         BRK
fe8b  00         BRK
fe8c  00         BRK
fe8d  00         BRK
fe8e  00         BRK
fe8f  00         BRK
fe90  00         BRK
fe91  00         BRK
fe92  00         BRK
fe93  00         BRK
fe94  00         BRK
fe95  00         BRK
fe96  00         BRK
fe97  00         BRK
fe98  00         BRK
fe99  00         BRK
fe9a  00         BRK
fe9b  00         BRK
fe9c  00         BRK
fe9d  00         BRK
fe9e  00         BRK
fe9f  00         BRK
fea0  00         BRK
fea1  00         BRK
fea2  00         BRK
fea3  00         BRK
fea4  00         BRK
fea5  00         BRK
fea6  00         BRK
fea7  00         BRK
fea8  00         BRK
fea9  00         BRK
feaa  00         BRK
feab  00         BRK
feac  00         BRK
fead  00         BRK
feae  00         BRK
feaf  00         BRK
feb0  00         BRK
feb1  00         BRK
feb2  00         BRK
feb3  00         BRK
feb4  00         BRK
feb5  00         BRK
feb6  00         BRK
feb7  00         BRK
feb8  00         BRK
feb9  00         BRK
feba  00         BRK
febb  00         BRK
febc  00         BRK
febd  00         BRK
febe  00         BRK
febf  00         BRK
fec0  00         BRK
fec1  00         BRK
fec2  00         BRK
fec3  00         BRK
fec4  00         BRK
fec5  00         BRK
fec6  00         BRK
fec7  00         BRK
fec8  00         BRK
fec9  00         BRK
feca  00         BRK
fecb  00         BRK
fecc  00         BRK
fecd  00         BRK
fece  00         BRK
fecf  00         BRK
fed0  00         BRK
fed1  00         BRK
fed2  00         BRK
fed3  00         BRK
fed4  00         BRK
fed5  00         BRK
fed6  00         BRK
fed7  00         BRK
fed8  00         BRK
fed9  00         BRK
feda  00         BRK
fedb  00         BRK
fedc  00         BRK
fedd  00         BRK
fede  00         BRK
fedf  00         BRK
fee0  00         BRK
fee1  00         BRK
fee2  00         BRK
fee3  00         BRK
fee4  00         BRK
fee5  00         BRK
fee6  00         BRK
fee7  00         BRK
fee8  00         BRK
fee9  00         BRK
feea  00         BRK
feeb  00         BRK
feec  00         BRK
feed  00         BRK
feee  00         BRK
feef  00         BRK
fef0  00         BRK
fef1  00         BRK
fef2  00         BRK
fef3  00         BRK
fef4  00         BRK
fef5  00         BRK
fef6  00         BRK
fef7  00         BRK
fef8  00         BRK
fef9  00         BRK
fefa  00         BRK
fefb  00         BRK
fefc  00         BRK
fefd  00         BRK
fefe  00         BRK
feff  00         BRK
ff00  78         SEI
ff01  d8         CLD
ff02  a2 00      LDX #0x0
ff04  a0 00      LDY #0x0
ff06  bd 2b ff   LDA 0xff2b,X
ff09  85 05      STA 0x5
ff0b  e8         INX
ff0c  bd 2b ff   LDA 0xff2b,X
ff0f  85 06      STA 0x6
ff11  e8         INX
ff12  05 05      ORA 0x5
ff14  f0 1f      BEQ 0xff35
ff16  a9 4c      LDA #0x4c
ff18  99 00 fd   STA 0xfd00,Y
ff1b  c8         INY
ff1c  a5 05      LDA 0x5
ff1e  99 00 fd   STA 0xfd00,Y
ff21  c8         INY
ff22  a5 06      LDA 0x6
ff24  99 00 fd   STA 0xfd00,Y
ff27  c8         INY
ff28  4c 06 ff   JMP 0xff06
ff2b  55 ff      EOR 0xff,X
ff2d  54 ff      MVN 0xff
ff2f  6d ff 8e   ADC 0x8eff
ff32  c2 00      REP 
ff34  00         BRK
ff35  a2 ff      LDX #0xff
ff37  9a         TXS
ff38  58         CLI
ff39  4c 00 c0   JMP 0xc000
ff3c  da         PHX
ff3d  ba         TSX
ff3e  48         PHA
ff3f  bd 02 01   LDA 0x102,X
ff42  29 10      AND #0x10
ff44  20 00 fd   JSR 0xfd00
ff47  68         PLA
ff48  fa         PLX
ff49  40         RTI
ff4a  20 06 fd   JSR 0xfd06
ff4d  68         PLA
ff4e  fa         PLX
ff4f  40         RTI
ff50  20 03 fd   JSR 0xfd03
ff53  40         RTI
ff54  60         RTS
ff55  ad 40 fe   LDA 0xfe40
ff58  89 80      BIT #0x80
ff5a  f0 10      BEQ 0xff6c
ff5c  89 01      BIT #0x1
ff5e  f0 0c      BEQ 0xff6c
ff60  ad 41 fe   LDA 0xfe41
ff63  a6 26      LDX 0x26
ff65  9d 00 05   STA 0x500,X
ff68  e6 26      INC 0x26
ff6a  e6 27      INC 0x27
ff6c  60         RTS
ff6d  60         RTS
ff6e  00         BRK
ff6f  00         BRK
ff70  00         BRK
ff71  00         BRK
ff72  00         BRK
ff73  00         BRK
ff74  00         BRK
ff75  00         BRK
ff76  00         BRK
ff77  00         BRK
ff78  00         BRK
ff79  00         BRK
ff7a  00         BRK
ff7b  00         BRK
ff7c  00         BRK
ff7d  00         BRK
ff7e  00         BRK
ff7f  00         BRK
ff80  00         BRK
ff81  00         BRK
ff82  00         BRK
ff83  00         BRK
ff84  00         BRK
ff85  00         BRK
ff86  00         BRK
ff87  00         BRK
ff88  00         BRK
ff89  00         BRK
ff8a  00         BRK
ff8b  00         BRK
ff8c  00         BRK
ff8d  00         BRK
ff8e  00         BRK
ff8f  00         BRK
ff90  00         BRK
ff91  00         BRK
ff92  00         BRK
ff93  00         BRK
ff94  00         BRK
ff95  00         BRK
ff96  00         BRK
ff97  00         BRK
ff98  00         BRK
ff99  00         BRK
ff9a  00         BRK
ff9b  00         BRK
ff9c  00         BRK
ff9d  00         BRK
ff9e  00         BRK
ff9f  00         BRK
ffa0  00         BRK
ffa1  00         BRK
ffa2  00         BRK
ffa3  00         BRK
ffa4  00         BRK
ffa5  00         BRK
ffa6  00         BRK
ffa7  00         BRK
ffa8  00         BRK
ffa9  00         BRK
ffaa  00         BRK
ffab  00         BRK
ffac  00         BRK
ffad  00         BRK
ffae  00         BRK
ffaf  00         BRK
ffb0  00         BRK
ffb1  00         BRK
ffb2  00         BRK
ffb3  00         BRK
ffb4  00         BRK
ffb5  00         BRK
ffb6  00         BRK
ffb7  00         BRK
ffb8  00         BRK
ffb9  00         BRK
ffba  00         BRK
ffbb  00         BRK
ffbc  00         BRK
ffbd  00         BRK
ffbe  00         BRK
ffbf  00         BRK
ffc0  00         BRK
ffc1  00         BRK
ffc2  00         BRK
ffc3  00         BRK
ffc4  00         BRK
ffc5  00         BRK
ffc6  00         BRK
ffc7  00         BRK
ffc8  00         BRK
ffc9  00         BRK
ffca  00         BRK
ffcb  00         BRK
ffcc  00         BRK
ffcd  00         BRK
ffce  00         BRK
ffcf  00         BRK
ffd0  00         BRK
ffd1  00         BRK
ffd2  00         BRK
ffd3  00         BRK
ffd4  00         BRK
ffd5  00         BRK
ffd6  00         BRK
ffd7  00         BRK
ffd8  00         BRK
ffd9  00         BRK
ffda  00         BRK
ffdb  00         BRK
ffdc  00         BRK
ffdd  00         BRK
ffde  00         BRK
ffdf  00         BRK
ffe0  00         BRK
ffe1  00         BRK
ffe2  00         BRK
ffe3  00         BRK
ffe4  00         BRK
ffe5  00         BRK
ffe6  00         BRK
ffe7  00         BRK
ffe8  00         BRK
ffe9  00         BRK
ffea  00         BRK
ffeb  00         BRK
ffec  00         BRK
ffed  00         BRK
ffee  00         BRK
ffef  00         BRK
fff0  00         BRK
fff1  00         BRK
fff2  00         BRK
fff3  00         BRK
fff4  00         BRK
fff5  00         BRK
fff6  00         BRK
fff7  00         BRK
fff8  00         BRK
fff9  00         BRK
fffa  50 ff      BVC 0xfffb
fffc  00         BRK
fffd  ff         ???
fffe  3c ff 00   BIT 0xff,X
Extracted to 6502rom.bin
